Name,SMILES,Label,Source
1-Aminopyrene,Nc1ccc2ccc3cccc4ccc1c2c34,1,Holmer
17alpha-Ethinylestradiol,C#CC1(O)CCC2C3(C)CCc4cc(O)ccc4C3CCC21C,1,DrugBank
1_nitropyrene,O=[N+]([O-])c1ccc2ccc3cccc4ccc1c2c34,1,Siyang_Tian
3_ethoxy_4_trifluoromethylcoumarin,CCOc1ccc2c(C(F)(F)F)cc(=O)oc2c1,1,Holmer
3_methylindole,Cc1c[nH]c2ccccc12,1,Holmer
7_ethoxyresorufin,CCOc1ccc2nc3ccc(=O)cc-3oc2c1,1,Holmer
7_methoxycoumarin,COc1ccc2ccc(=O)oc2c1,1,Holmer
7_methoxyresorufin,COc1ccc2nc3ccc(=O)cc-3oc2c1,1,Holmer
7_pentoxyresorufin,CCCCCOc1ccc2nc3ccc(=O)cc-3oc2c1,1,Holmer
Aminoflavone-N5-hydroxyl,Cc1c(F)c(NO)c2c(=O)cc(-c3ccc(N)c(F)c3)oc2c1F,1,Holmer
MeAMFC,CC[N+](C)(CC)CCc1c(C(F)(F)F)c2ccc(OC)cc2oc1=O,1,Holmer
N-Desmethyldiphenhydramine,[cH:1]1[cH:2][cH:3][c:4]([CH:7]([O:8][CH2:9][CH2:10][NH:11][CH3:12])[c:13]2[cH:14][cH:15][cH:16][cH:17][cH:18]2)[cH:5][cH:6]1,1,DrugBank
azinphosmethyl,COP(=S)(OC)SCn1nnc2ccccc2c1=O,1,Holmer
benzo_a_pyrene,c1ccc2c(c1)cc1ccc3cccc4ccc2c1c34,1,Siyang_Tian
capsaicin,COc1cc(CNC(=O)CCCCC=CC(C)C)ccc1O,1,DrugBank
chlorzoxazone,O=c1[nH]c2cc(Cl)ccc2o1,1,DrugBank
clopidogrel,COC(=O)C(c1ccccc1Cl)N1CCc2sccc2C1,1,DrugBank
dexfenfluramine,CCNC(C)Cc1cccc(C(F)(F)F)c1,1,DrugBank
dibenzo_a_h_anthracene,c1ccc2c(c1)ccc1cc3c(ccc4ccccc43)cc12,1,Siyang_Tian
diphenhydramine,CN(C)CCOC(c1ccccc1)c1ccccc1,1,DrugBank
dmxaa,Cc1ccc2c(=O)c3cccc(CC(=O)O)c3oc2c1C,1,Holmer
doxepin,CN(C)CCC=C1c2ccccc2COc2ccccc21,1,DrugBank
ethanol,CCO,1,DrugBank
fluoxetine,CNCCC(Oc1ccc(C(F)(F)F)cc1)c1ccccc1,1,DrugBank
furafylline,Cc1nc2c(=O)n(C)c(=O)n(Cc3ccco3)c2[nH]1,1,Yamashita
h259_31,[O-][S+](Cc1cc(OCC2CC2)ccn1)c1nc2cc(F)ccc2[nH]1,1,DrugBank
harmine,COc1ccc2c(c1)[nH]c1c(C)nccc12,1,Siyang_Tian
ipriflavone,CC(C)Oc1ccc2c(=O)c(-c3ccccc3)coc2c1,1,Yamashita
kaempferide,COc1ccc(-c2oc3cc(O)cc(O)c3c(=O)c2O)cc1,1,Siyang_Tian
malathion,CCOC(=O)CC(SP(=S)(OC)OC)C(=O)OCC,1,DrugBank
methiocarb,CNC(=O)Oc1cc(C)c(SC)c(C)c1,1,Siyang_Tian
methiocarb,CNC(=S)Oc1cc(C)c(SC)c(C)c1,1,Siyang_Tian
methyleugenol,C=CCc1ccc(OC)c(OC)c1,1,Yamashita
n7_methylfurafylline,Cc1nc2c(c(=O)n(C)c(=O)n2Cc2ccco2)n1C,1,Holmer
n_nitrosodiamylamine,CCCCCN(CCCCC)N=O,1,Holmer
nn_dimethyl_m_toluamide,CCN(CC)C(=O)c1cccc(C)c1,1,Holmer
nortriptyline,CNCCC=C1c2ccccc2CCc2ccccc21,1,DrugBank
o_aminoazotoluene,Cc1cc(N=Nc2ccccc2C)ccc1N,1,Holmer
ortho_dichlorobenzene,Clc1ccccc1Cl,1,Siyang_Tian
osu_6162,CCCN1CCCC(c2cccc(S(C)(=O)=O)c2)C1,1,Siyang_Tian
p_isopropyloxyacetanilide,CC(=O)Nc1ccc(OC(C)C)cc1,1,Holmer
p_methoxyacetanilide,COc1ccc(NC(C)=O)cc1,1,Holmer
para_cresol,Cc1ccc(O)cc1,1,Siyang_Tian
perazine,CN1CCN(CCCN2c3ccccc3Sc3ccccc32)CC1,1,DrugBank
phip,Cn1c(N)nc2ncc(-c3ccccc3)cc21,1,Holmer
pimobendan,COc1ccc(-c2nc3cc(C4=NNC(=O)CC4C)ccc3[nH]2)cc1,1,Yamashita
promazine,CN(C)CCCN1c2ccccc2Sc2ccccc21,1,DrugBank
prostaglandin_h2,CCCCCC(O)C=CC1C2CC(OO2)C1CC=CCCCC(=O)O,1,Holmer
ropinirole,CCCN(CCC)CCc1cccc2[nH]c(O)cc12,1,Yamashita
ropivacaine,CCCN1CCCCC1C(=O)Nc1c(C)cccc1C,1,DrugBank
sertraline,CNC1CCC(c2ccc(Cl)c(Cl)c2)c2ccccc21,1,Yamashita
tfmpp,FC(F)(F)c1cccc(N2CCNCC2)c1,1,Holmer
verapamil,COc1ccc(CCN(C)CCCC(C#N)(c2ccc(OC)c(OC)c2)C(C)C)cc1OC,1,DrugBank
zolpidem,Cc1ccc(-c2nc3ccc(C)cn3c2CC(=O)N(C)C)cc1,1,DrugBank
Etoricoxib,Cc1ccc(-c2ncc(Cl)cc2-c2ccc(S(C)(=O)=O)cc2)cn1,1,DrugBank
ESTRONE,CC12CCC3c4ccc(O)cc4CCC3C1CCC2=O,1,DrugBank
kaempferol,O=c1c(O)c(-c2ccc(O)cc2)oc2cc(O)cc(O)c12,0,Yamashita
celecoxib,Cc1ccc(-c2cc(C(F)(F)F)nn2-c2ccc(S(N)(=O)=O)cc2)cc1,0,Yamashita
chlorpropamide,CCCNC(=O)NS(=O)(=O)c1ccc(Cl)cc1,0,Yamashita
Meperidine,CCOC(=O)C1(c2ccccc2)CCN(C)CC1,0,DrugBank
almotriptan,CN(C)CCc1c[nH]c2ccc(CS(=O)(=O)N3CCCC3)cc12,0,Yamashita
(+)_1(10)_4_cadinadiene,CC1=CC2C(=C(C)CCC2C(C)C)CC1,0,Holmer
(+)_galeon,COc1cc2ccc1Oc1cc(ccc1O)CCC(=O)CCCC2,0,Holmer
(16s)_16_hydroxy_13_16_secotrachyloba_13_ene_3_one,CC1(O)CC23C=CC1CC2C1(C)CCC(=O)C(C)(C)C1CC3,0,Holmer
(1r_2r_20r_53r_54s)_7_8_9_12_13_14_25_26_27_30_31_32_35_40_46_47_hexadecahydroxy_3_18_21_38_49_55_58_62_octaoxatetradecacyclo_27.25.3.334_54.241_44.02_20.05_10.011_16.023_28.033_57.037_53.039_52.042_51.043_48.037_60_dohexaconta_5_7_9_11_13_15_23_25_27_29(57)_30_32_34_39(52)_40_42(51)_43(48)_44_46_nonadecaene_4_17_22_36_50_56_59_61_octone,O=C1OCC2OC(=O)c3cc(O)c(O)c(O)c3-c3c(O)c(O)c(O)c4c3C(=O)OC(C2OC(=O)c2cc(O)c(O)c(O)c2-c2c1cc(O)c(O)c2O)C1OC(=O)C2C4C(=O)C(=O)C23Oc2c(O)c4oc(=O)c5cc(O)c(O)c6oc(=O)c(c2C13)c4c65,0,Holmer
(1r_9s_10r)_4_4_10_trimethyl_1_11_bis(3_methylbut_2_enyl)_10_(4_methylpent_3_enyl)_9_(2_methylpropanoyl)_3_oxatricyclo_7.3.1.02_7_trideca_2(7)_5_diene_8_13_dione,CC(C)=CCCC1(C)C(CC=C(C)C)CC2(CC=C(C)C)C(=O)C1(C(=O)C(C)C)C(=O)C1=C2OC(C)(C)C=C1,0,Holmer
(1s_2r_4as_7s_8as)_7_(2_hydroxypropan_2_yl)_1_4a_dimethyl_decahydronaphthalen_2_ol,CC1C(O)CCC2(C)CCC(C(C)(C)O)CC12,0,Holmer
(1s_2r_4r_5s_7s_11s_12s_15r_16s)_15__(2s_3r_4r)_3_4_dihydroxy_6_methyl_5_methylideneheptan_2_yl__4_5_dihydroxy_2_16_dimethyl_9_oxatetracyclo_9.7.0.02_7.012_16_octadecan_8_one,C=C(C(C)C)C(O)C(O)C(C)C1CCC2C3COC(=O)C4CC(O)C(O)CC4(C)C3CCC12C,0,Holmer
(1s_2s_4s_8r)_9_(beta_d_glucopyranosyloxy)_p_menthane_1_2_8_triol,CC1(O)CCC(C(C)(O)COC2OC(CO)C(O)C(O)C2O)CC1O,0,Holmer
(20s)_protopanaxadiol,CC(C)=CCCC(C)(O)C1CCC2(C)C1C(O)CC1C3(C)CCC(O)C(C)(C)C3CCC12C,0,Holmer
(25r)_3beta__4_o__2_o__3_o_(beta_d_glucopyranosyl)_beta_d_glucopyranosyl__3_o_(beta_d_xylopyranosyl)_beta_d_glucopyranosyl__beta_d_galactopyranosyloxy__6beta_hydroxy_5alpha_spirostane_2_one,CC1CCC2(OC1)OC1CC3C4CC(O)C5CC(OC6OC(CO)C(OC7OC(CO)C(O)C(OC8OCC(O)C(O)C8O)C7OC7OC(CO)C(O)C(OC8OC(CO)C(O)C(O)C8O)C7O)C(O)C6O)C(=O)CC5(C)C4CCC3(C)C1C2C,0,Holmer
"(2S,3R,4S,5R,6S)-6-[5,7-Dihydroxy-2-(4-hydroxyphenyl)-4-oxochromen-3-yl]oxy-3,4,5-trihydroxyoxane-2-carboxylic acid",O=C(O)C1OC(Oc2c(-c3ccc(O)cc3)oc3cc(O)cc(O)c3c2=O)C(O)C(O)C1O,0,Holmer
"(2S,4S,5R,6R)-2-{[(2S,3R,4S,5S,6R)-2-{[(2R,3S,4R,5R,6R)-4,5-Dihydroxy-6-{[(2S,3R)-3-hydroxy-2-tetradecanamidooctadecyl]oxy}-2-(hydroxymethyl)oxan-3-yl]oxy}-3,5-dihydroxy-6-(hydroxymethyl)oxan-4-yl]oxy}-5-acetamido-4-hydroxy-6-[(1R,2R)-1,2,3-trihydroxypropyl]oxane-2-carboxylic acid",CCCCCCCCCCCCCCCC(O)C(COC1OC(CO)C(OC2OC(CO)C(O)C(OC3(C(=O)O)CC(O)C(NC(C)=O)C(C(O)C(O)CO)O3)C2O)C(O)C1O)NC(=O)CCCCCCCCCCCCC,0,Holmer
(2r)_2_{_(2r)_2_amino_1_hydroxy_4_(methylsulfanyl)butylidene_amino}butanedioic_acid,CSCCC(N)C(=O)NC(CC(=O)O)C(=O)O,0,Holmer
(2r_3r_4r_5r_6s)_2___(1r_3r_8s_9s_10r_13s_14s_16s_17r)_3_hydroxy_17__(2s_3s)_3_hydroxy_6_methylheptan_2_yl__10_13_dimethyl_16__(2r_3r_4s_5s_6r)_3_4_5_trihydroxy_6_(hydroxymethyl)oxan_2_yl_oxy_2_3_4_7_8_9_11_12_14_15_16_17_dodecahydro_1h_cyclopenta_a_phenanthren_1_yl_oxy__6_methyloxane_3_4_5_triol,CC(C)CCC(O)C(C)C1C(OC2OC(CO)C(O)C(O)C2O)CC2C3CC=C4CC(O)CC(OC5OC(C)C(O)C(O)C5O)C4(C)C3CCC21C,0,Holmer
(2r_3s_4s_5r_6r)_2_(hydroxymethyl)_6___(1r_4s_5s_8r_9r_12s_16s_19r)_8__(e_2r)_6_hydroxy_6_methylhept_4_en_2_yl__19_methoxy_5_9_17_17_tetramethyl_18_oxapentacyclo_10.5.2.01_13.04_12.05_9_nonadec_2_en_16_yl_oxy_oxane_3_4_5_triol,COC1OC23C=CC4C1(CCC1(C)C(C(C)CC=CC(C)(C)O)CCC41C)C2CCC(OC1OC(CO)C(O)C(O)C1O)C3(C)C,0,Holmer
(2s)_2_azaniumyloctanoate,CCCCCCC(N)C(=O)O,0,Holmer
(2s)_2_{_(2r)_2_amino_1_hydroxy_4_(methylsulfanyl)butylidene_amino}_4_(c_hydroxycarbonimidoyl)butanoic_acid,CSCCC(N)C(=O)NC(CCC(N)=O)C(=O)O,0,Holmer
(2s_3r_4s_5s_6r)_2__(2r_3r_4s_5s_6r)_4_5_dihydroxy_6_(hydroxymethyl)_2_(15_hydroxy_5prime_7_9_13_tetramethylspiro_5_oxapentacyclo_10.8.0.02_9.04_8.013_18_icosane_6_2prime_oxane__16_yl)oxyoxan_3_yl_oxy_6_(hydroxymethyl)oxane_3_4_5_triol,CC1CCC2(OC1)OC1CC3C4CCC5CC(OC6OC(CO)C(O)C(O)C6OC6OC(CO)C(O)C(O)C6O)C(O)CC5(C)C4CCC3(C)C1C2C,0,Holmer
(2s_4s_5r)_2_{_(1s_2r)_1__(3r_4s_6s)_6_carboxy_6_{_(1s_2r)_1__(3r_4s_6s)_6_carboxy_6_{_(2r_3s_4r_5r_6s)_3_{_(2s_3r_4r_5r_6r)_4_5_dihydroxy_6_(hydroxymethyl)_3_(2_oxopropyl)oxan_2_yl_oxy}_6_{_(2r_3s_4r_5r_6r)_4_5_dihydroxy_6_{_(2s_3r)_3_hydroxy_2__(1_hydroxydodecylidene)amino_octadec_4_en_1_yl_oxy}_2_(hydroxymethyl)oxan_3_yl_oxy}_5_hydroxy_2_(hydroxymethyl)oxan_4_yl_oxy}_4_hydroxy_3__(1_hydroxyethylidene)amino_oxan_2_yl__1_3_dihydroxypropan_2_yl_oxy}_4_hydroxy_3__(1_hydroxyethylidene)amino_oxan_2_yl__1_3_dihydroxypropan_2_yl_oxy}_4_hydroxy_5__(1_hydroxyethylidene)amino__6__(1r_2r)_1_2_3_trihydroxypropyl_oxane_2_carboxylic_acid,CCCCCCCCCCCCCC=CC(O)C(COC1OC(CO)C(OC2OC(CO)C(OC3OC(CO)C(O)C(O)C3CC(C)=O)C(OC3(C(=O)O)CC(O)C(NC(C)=O)C(C(O)C(CO)OC4(C(=O)O)CC(O)C(NC(C)=O)C(C(O)C(CO)OC5(C(=O)O)CC(O)C(NC(C)=O)C(C(O)C(O)CO)O5)O4)O3)C2O)C(O)C1O)NC(=O)CCCCCCCCCCC,0,Holmer
(3S)-Hex-1-en-3-ol,C=CC(O)CCC,0,Holmer
(4r_5s_6s)_2_4_5_trihydroxy_2_methyl_6__(3s_8r_9r_13r_14s_17r)_4_4_9_13_14_pentamethyl_3__(2r_3r_4s_5s_6r)_3_4_5_trihydroxy_6___(2r_3r_4s_5s_6r)_3_4_5_trihydroxy_6_(hydroxymethyl)oxan_2_yl_oxymethyl_oxan_2_yl_oxy_2_3_7_8_10_11_12_15_16_17_decahydro_1h_cyclopenta_a_phenanthren_17_yl_heptan_3_one,CC(C(=O)C(O)C(O)C(C)(C)O)C1CCC2(C)C3CC=C4C(CCC(OC5OC(COC6OC(CO)C(O)C(O)C6O)C(O)C(O)C5O)C4(C)C)C3(C)CCC12C,0,Holmer
(4s_4ar_7ar_8r)_4_hydroxy_6_6_8_trimethyl_1h_3h_3ah_4h_4ah_5h_6h_7h_7ah_8h_azuleno_5_6_c_furan_1_one,CC1=CC2C(=O)OCC2C(O)C2CC(C)(C)CC12,0,Holmer
(5r)_3_hydroxy_2_methyl_5_prop_1_en_2_ylcyclohex_2_en_1_one,C=C(C)C1CC(=O)C(C)C(=O)C1,0,Holmer
"(6R,10R)-6,10,14-Trimethyl-2-methylidenepentadecanal",C=C(C=O)CCCC(C)CCCC(C)CCCC(C)C,0,Holmer
(6r)_2_methyl_6__(s)_4_methylene_2_cyclohexene_1beta_yl__2_heptene_4_ol,C=C1C=CC(C(C)CC(O)C=C(C)C)CC1,0,Holmer
(7z_10z_13z_16z_19z)_docosapentaenoyl_coa,CCC=CCC=CCC=CCC=CCC=CCCCCCC(=O)SCCNC(=O)CCNC(=O)C(O)C(C)(C)CO[PH](=O)(=O)O[PH](=O)(=O)OCC1OC(n2cnc3c(N)ncnc32)C(O)C1O[PH](=O)(=O)O,0,Holmer
(S)-(3-Methyl-2-butenyl) ethanethioate,CC(=O)SCC=C(C)C,0,Holmer
(_)_4(10)_thujene,C=C1CCC2(C(C)C)CC12,0,Holmer
(e)_6_hexadecenoic_acid,CCCCCCCCCC=CCCCCC(=O)O,0,Holmer
(r)_5_methylfuran_2(5h)_one,Cc1ccc(O)o1,0,Holmer
(r)_7_hydroxywarfarin,CC(=O)CC(c1ccccc1)c1c(O)c2ccc(O)cc2oc1=O,0,DrugBank
"1,6-Hexanedithiol",SCCCCCCS,0,Holmer
10prime_apo_beta_caroten_10prime_al,CC(C=CC=O)=CC=CC=C(C)C=CC=C(C)C=CC1=C(C)CCCC1(C)C,0,Holmer
11_12_15_trihydroxy_(5z_8z_13e)_icosatrienoate,CCCCCC(O)C=CC(O)C(O)CC=CCC=CCCCC(=O)O,0,Holmer
13-Heptadecyn-1-ol,CCCC#CCCCCCCCCCCCCO,0,Holmer
15_keto_prostaglandin_e2,CCCCCC(=O)CCC1C(=O)CC(=O)C1CC=CCCCC(=O)O,0,Holmer
1_4_alpha_d_glucan,COC1OC(CO)C(OC2OC(CO)C(OC)C(O)C2O)C(O)C1O,0,Holmer
1_hydroxy_3_nonanone,CCCCCCC(=O)CCO,0,Holmer
1d_myo_inositol_1_4_5_trisphosphate,O=[PH](=O)(O)OC1C(O)C(O)C(O[PH](=O)(=O)O)C(O[PH](=O)(=O)O)C1O,0,Holmer
"2,2,7,7-Tetramethyl-1,6-dioxaspiro[4.4]nona-3,8-diene",CC1(C)C=CC2(C=CC(C)(C)O2)O1,0,Holmer
2-Deoxyribonic acid,O=C(O)CC(O)C(O)CO,0,Holmer
2-Hexenoylcholine,CCC=CCC(=O)OCC[N+](C)(C)C,0,Holmer
20_dihydroxyleukotriene_b4,O=C(O)CCCC(O)C=CC=CC=CC(O)CC=CCCCCC(O)O,0,Holmer
27_deoxy_5alpha_cyprinol,CC(CO)CCCC(C)C1CCC2C3C(O)CC4CC(O)CCC4(C)C3CC(O)C12C,0,Holmer
28_hydroxy_7_octacosanone,CCCCCCC(=O)CCCCCCCCCCCCCCCCCCCCCO,0,Holmer
2_(4_methyl_5_thiazolyl)ethyl_decanoate,CCCCCCCCCC(=O)OCCc1scnc1C,0,Holmer
2_4_pentadienal,C=CC=CC=O,0,Holmer
2_5_furandicarboxylic_acid,O=C(O)c1ccc(C(=O)O)o1,0,Holmer
2_6_6_trimethyl_1_4_cyclohexadiene_1_carboxaldehyde,CC1=C(C=O)C(C)(C)C=CC1,0,Holmer
2_aminoacetophenone,NCC(=O)c1ccccc1,0,Holmer
2_geranyl_2prime_3_4_4prime_tetrahydroxydihydrochalcone,CC(C)=CCCC(C)=CCc1c(CCC(=O)c2ccc(O)cc2O)ccc(O)c1O,0,Holmer
2_{2__(2z)_pent_2_en_1_yl__3_{_(2r_3r_4s_5s_6r)_3_4_5_trihydroxy_6_(hydroxymethyl)oxan_2_yl_oxy}cyclopentyl}acetic_acid,CCC=CCC1C(CC(=O)O)CCC1OC1OC(CO)C(O)C(O)C1O,0,Holmer
2prime_hydroxy_indomethacin_phenethylamide,COc1ccc2c(c1)c(CC(=O)NCC(O)c1ccccc1)c(C)n2C(=O)c1ccc(Cl)cc1,0,Holmer
2prime_hydroxyacetophenone,CC(=O)c1ccccc1O,0,Holmer
3_4_dicaffeoyl_1_5_quinolactone,O=C(C=Cc1ccc(O)c(O)c1)OC1CC2(O)CC(OC2=O)C1OC(=O)C=Cc1ccc(O)c(O)c1,0,Holmer
3_7(11)_eudesmadien_2_one,CC(C)=C1CCC2(C)CC(=O)CC(C)=C2C1,0,Holmer
3_7_dimethyl_5_octene_1_7_diol_1_glucoside,CC(CC=CC(C)(C)O)CCOC1OC(CO)C(O)C(O)C1O,0,Holmer
3__(13s)_13_hydroxy_13__(2s_5r)_5__(1r)_1_hydroxypentadecyl_oxolan_2_yl_tridecyl__5_methyl_2_5_dihydrofuran_2_one,CCCCCCCCCCCCCCC(O)C1CCC(C(O)CCCCCCCCCCCCc2cc(C)oc2O)O1,0,Holmer
3_hpph,O=C1NC(=O)C(c2ccccc2)(c2cccc(O)c2)N1,0,Holmer
3_methyl_2_butene_1_thiol,CC(C)=CCS,0,Holmer
3_methyl_2_cyclopenten_1_one,CC1=CC(=O)CC1,0,Holmer
4_hydroxy_6_heptacosanone,CCCCCCCCCCCCCCCCCCCCCC(=O)CC(O)CCC,0,Holmer
4_nitro_phenol,O=[N+]([O-])c1ccc(O)cc1,0,Holmer
4_oxo_retinoic_acid,CC(C=CC1=C(C)C(=O)CCC1(C)C)=CC=CC(C)=CC(=O)O,0,Holmer
4prime_5_7_trimethylapigenin,COc1ccc(-c2cc(=O)c3c(OC)cc(OC)cc3o2)cc1,0,Holmer
5_hydroxytryptamine,NCCc1c[nH]c2ccc(O)cc12,0,Holmer
5_hydroxytryptophol_glucuronide,OCCc1c[nH]c2ccc(OC3OC(CO)C(O)C(O)C3O)cc12,0,Holmer
5_methoxyindoleacetate,COc1ccc2[nH]cc(CC(=O)O)c2c1,0,Holmer
6_sulfatoxymelatonin,COc1cc2c(CCNC(C)=O)c[nH]c2cc1OS(=O)(=O)O,0,Holmer
7_butoxycoumarin,CCCCOc1ccc2ccc(=O)oc2c1,0,Holmer
7beta_12alpha_dihydroxycholanoic_acid,CC(CCC(=O)O)C1CCC2C3C(O)CC4CCCCC4(C)C3CC(O)C12C,0,DrugBank
8-Desoxygartanin,CC(C)=CCc1c(O)c(CC=C(C)C)c2oc3c(O)cccc3c(=O)c2c1O,0,Holmer
8_hete,CCCCCC=CCC=CC=CC(O)CC=CCCCC(=O)O,0,Holmer
8_iso_13_14_dihydro_15_keto_pgf2a,CCCCCC(=O)CCC1C(O)CC(O)C1CC=CCCCC(=O)O,0,Holmer
8_iso_pga1,CCCCCC(=O)C=CC1CCC(=O)C1CCCCCCC(=O)O,0,Holmer
Caryophyllene oxide,C=C1CCC2OC2(C)CCC2C1CC2(C)C,0,Holmer
Dihydrokawain,COC1=CC(=O)OC(CCc2ccccc2)C1,0,Holmer
Mangiferic acid,CCC=CCCCCC=CCCCCCCCC(=O)O,0,Holmer
Murocholic acid,CC(CCC(=O)O)C1CCC2C3CC(O)C4CC(O)CCC4(C)C3CCC12C,0,DrugBank
Phloretin xylosyl-galactoside,O=C(CCc1ccc(O)cc1)c1c(O)cc(O)cc1OC1OC(CO)C(O)C(O)C1OC1OC(CO)C(O)C1O,0,Holmer
Phytenal,CC(=CC=O)CCCC(C)CCCC(C)CCCC(C)C,0,Holmer
Pregnane,CCC1CCC2C3CCC4CCCCC4(C)C3CCC12C,0,Holmer
UNII-8W199O5S7f,CC1CNC(=O)NC1=O,0,Holmer
_(2r_3r_4s_5r)_6__(2r_4r_5r_6r)_4_5_dihydroxy_2_(hydroxymethyl)_6_(5prime_7_9_13_tetramethylspiro_5_oxapentacyclo_10.8.0.02_9.04_8.013_18_icosane_6_2prime_oxane__16_yl)oxyoxan_3_yl_oxy_3_hydroxy_4_5_bis__(2s_3r_4s_5s_6r)_3_4_5_trihydroxy_6_(hydroxymethyl)oxan_2_yl_oxy_oxan_2_yl_methyl_acetate,CC(=O)OCC1OC(OC2C(CO)OC(OC3CCC4(C)C(CCC5C4CCC4(C)C5CC5OC6(CCC(C)CO6)C(C)C54)C3)C(O)C2O)C(OC2OC(CO)C(O)C(O)C2O)C(OC2OC(CO)C(O)C(O)C2O)C1O,0,Holmer
_(tetrahydro_6alpha_ethenyl_2_2_6_trimethyl_2h_pyran)_3alpha_yl_6_o_d_apio_beta_d_furanosyl_beta_d_glucopyranoside,C=CC1(C)CCC(OC2OC(COC3OCC(O)(CO)C3O)C(O)C(O)C2O)C(C)(C)O1,0,Holmer
abt_378,Cc1cccc(C)c1OCC(=O)NC(Cc1ccccc1)C(O)CC(Cc1ccccc1)NC(=O)C(C(C)C)N1CCCNC1=O,0,DrugBank
ac1l3flx,CC1CCC2CC3(OC2(C)C)C(C)CCC13,0,Holmer
ac1l4js1,COC1C=CC2=CCN3CCc4cc5c(cc4C23C1)OCO5,0,Holmer
ac1l9915,Cc1cn(C2CC(O)C(CO[PH](=O)(=O)O[PH](=O)(=O)OC3OC(C)C(=O)C(O)C3O)O2)c(=O)[nH]c1=O,0,Holmer
ac1lexgz,O=C(NC(=O)C(O)O)c1ccccc1,0,Holmer
ac1nsv1z,COc1cc2ccc(=O)oc2c(OC)c1OC1OC(CO)C(O)C(O)C1O,0,Holmer
ac1nszcj,CC1C2C3CCC4C5(C)CCC(=O)C(C)(C)C5CCC4(C)C3(C)CCC2(C)CCC1(C)O,0,Holmer
ac1o51yn,C=CCC=CCC=CCCCCCCCC(=O)C1(O)OC(=O)C=C1OC,0,Holmer
acetylamino_acetic_acid,CC(=O)NCC(=O)O,0,Holmer
akba,CC(=O)OC1CCC2(C)C(CCC3(C)C2C(=O)C=C2C4C(C)C(C)CCC4(C)CCC23C)C1(C)C(=O)O,0,Holmer
alachlor,CCc1cccc(CC)c1N(COC)C(=O)CCl,0,Yamashita
alfentanil,CCC(=O)N(c1ccccc1)C1(COC)CCN(CCn2nnn(CC)c2=O)CC1,0,Yamashita
alpha_amyrin,CC1CCC2(C)CCC3(C)C(=CCC4C5(C)CCC(O)C(C)(C)C5CCC43C)C2C1C,0,Holmer
alpha_asp_ile,CCC(C)C(NC(=O)C(N)CC(=O)O)C(=O)O,0,Holmer
alpha_carboxy_gamma_dodecalactone,CCCCCCCCC1CC(C(=O)O)C(=O)O1,0,Holmer
alpha_elemolic_acid,CC(C)=CCCC(C(=O)O)C1CCC2(C)C3=C(CCC12C)C1(C)CCC(O)C(C)(C)C1CC3,0,Holmer
alpha_l_fucose_1_phosphate,CC1OC(O[PH](=O)(=O)O)C(O)C(O)C1O,0,Holmer
alpha_l_rhamnose,CC1OC(O)C(O)C(O)C1O,0,Holmer
alpha_linolenoyl_ethanolamide,CCC=CCC=CCC=CCCCCCCCC(=O)NCCO,0,Holmer
androstenedione,CC12CCC3C(CC=C4CC(=O)CCC43C)C1CCC2=O,0,Yamashita
arvensoside_d,CC1(C)CCC2(C(=O)O)CCC3(C)C(=CCC4C5(C)CCC(OC6OC(CO)C(O)C(OC7OC(CO)C(O)C(O)C7O)C6OC6OC(CO)C(O)C(O)C6O)C(C)(C)C5CCC43C)C2C1,0,Holmer
aurantiumal,CC(=CCOc1c2ccoc2cc2oc(=O)ccc12)CCC(C)(C)C=O,0,Holmer
barnidipine,COC(=O)C1=C(C)N=C(C)C(C(=O)OC2CCN(Cc3ccccc3)C2)C1c1cccc([N+](=O)[O-])c1,0,Holmer
benzene,c1ccccc1,0,Yamashita
benzoyl_glucuronide_(benzoic_acid),O=C(OC1OC(C(=O)O)C(O)C(O)C1O)c1ccccc1,0,Holmer
beta_arteether,CCOC1OC2OC3(C)CCCC4C(C)CCC(C1C)C24OO3,0,Holmer
beta_d_galp_(1_>3)_beta_d_glcpnac_(1_>3)_beta_d_galp_(1_>4)_beta_d_glcp,CC(=O)NC1C(OC2C(O)C(CO)OC(OC3C(CO)OC(O)C(O)C3O)C2O)OC(CO)C(O)C1OC1OC(CO)C(O)C(O)C1O,0,Holmer
beta_d_glucose,OCC1OC(O)C(O)C(O)C1O,0,Holmer
bilastine,CCOCCn1c(C2CCN(CCc3ccc(C(C)(C)C(=O)O)cc3)CC2)nc2ccccc21,0,Holmer
bornyl_2_methylbutyrate,CCC(C)C(=O)OC1CC2CCC1(C)C2(C)C,0,Holmer
budesonide,CCCC1OC2CC3C4CC=C5CC(=O)C=CC5(C)C4C(O)CC3(C)C2(C(=O)CO)O1,0,Yamashita
butachlor,CCCCOCN(C(=O)CCl)c1c(CC)cccc1CC,0,Holmer
cadaverine,NCCCCCN,0,Holmer
camelliol_c,CC(C)=CCCC(C)=CCCC(C)=CCCC=C(C)CCC1C(C)=CCC(O)C1(C)C,0,Holmer
caproylcholine,CCCCCC(=O)OCC[N+](C)(C)C,0,Holmer
cerivastatin,COCc1c(-c2ccc(F)cc2)c(=CCC(O)CC(O)CC(=O)O)c(C(C)C)nc1=C(C)C,0,Yamashita
cgp71422,Cc1ccc(NC(=O)c2ccc(CN3CC[N+](C)([O-])CC3)cc2)cc1Nc1nccc(-c2cccnc2)n1,0,Holmer
cinncassiol_d4_2_glucoside,CC(C)C1CC2C3(C)CC4(O)OC(C5C(C)C(OC6OC(CO)C(O)C(O)C6O)CC53O)C2(O)C14C,0,Holmer
cis-3 and trans-2-Hexenyl propionate,Oc1ccc(C2Oc3cc(O)cc(O)c3C(O)C2O)cc1,0,Holmer
cis_3_hexenyl_hexanoate,CCC=CCCOC(=O)CCCCC,0,Holmer
cis_4_decenol,CCCCCC=CCCCO,0,Holmer
cis_beta_terpineol,C=C(C)C1CCC(C)(O)CC1,0,Holmer
cj_25879,CC(=O)C(NC(=O)CN)C(O)O,0,Holmer
codeine,COc1ccc2c3c1OC1C(O)C=CC4C(C2)N(C)CCC341,0,Yamashita
coenzyme_a,CC(C)(CO[PH](=O)(=O)O[PH](=O)(=O)OCC1OC(n2cnc3c(N)ncnc32)C(O)C1O[PH](=O)(=O)O)C(=O)C(O)NCCC(=O)NCCS,0,Holmer
colchicine,COc1cc2c(c(OC)c1OC)-c1ccc(OC)c(=O)cc1C(NC(C)=O)CC2,0,Yamashita
corilagin,O=C(OC1OC2COC(=O)c3cc(O)c(O)c(O)c3-c3c(cc(O)c(O)c3O)C(=O)OC(C2O)C1O)c1cc(O)c(O)c(O)c1,0,Holmer
cyclic_guanosine_monophosphate,Nc1nc(=O)c2ncn(C3OC4CO[PH](=O)(=O)OC4C3O)c2[nH]1,0,Holmer
cys_ser,NC(CS)C(=O)NC(C=O)C(O)O,0,Holmer
d8_isopimaric_acid,C=CC1(C)CCC2=C(CCC3C(C)(C(=O)O)CCCC23C)C1,0,Holmer
d_arabino_hexos_2_ulose,O=C(C(=O)C(O)CO)C(O)CO,0,Holmer
d_fructose_2_6_bisphosphate,O=[PH](=O)(O)OCC1OC(CO)(O[PH](=O)(=O)O)C(O)C1O,0,Holmer
d_myo_inositol_4_phosphate,O=[PH](=O)(O)OC1C(O)C(O)C(O)C(O)C1O,0,Holmer
d_xylitol,OCC(O)C(O)C(O)CO,0,Holmer
d_xylono_1_5_lactone,O=C1C(O)COC(O)C1O,0,Holmer
da_8159,CCCOc1ccc(S(=O)(=O)NCCC2CCCN2C)cc1-c1nc(=O)c2c([nH]1)c(CCC)nn2C,0,Holmer
deacetyldiltiazem,COc1ccc(C2Sc3ccccc3N(CCN(C)C)C(=O)C2O)cc1,0,Holmer
delta9_tetrahydrocannabinol,CCCCCc1cc(O)c2c(c1)OC(C)(C)c1ccc(C)cc1-2,0,Holmer
desglucodesrhamnoparillin,CC1CCC2(OC1)OC1CC3C4CCC5CC(OC6OC(COC7OC(CO)C(O)C(O)C7O)C(O)C(O)C6O)CCC5(C)C4CCC3(C)C1C2C,0,Holmer
dhea,CC12CCC3C(CC=C4CC(O)CCC43C)C1CCC2=O,0,Holmer
dibenzyl_ether,c1ccc(COCc2ccccc2)cc1,0,Holmer
dibenzylfluorescein,O=C(OCc1ccccc1)c1ccccc1-c1c2ccc(=O)cc-2oc2cc(OCc3ccccc3)ccc12,0,Holmer
diguanosine_hexaphosphate,Nc1nc2c(ncn2C2OC(CO[PH](=O)(=O)O[PH](=O)(=O)O[PH](=O)(=O)O[PH](=O)(=O)O[PH](=O)(=O)O[PH](=O)(=O)O[PH](=O)(=O)OCC3OC(n4cnc5c(=O)[nH]c(N)nc54)C(O)C3O)C(O)C2O)c(=O)[nH]1,0,Holmer
dihydrocodeine,COc1ccc2c3c1OC1C(O)CCC4C(C2)N(C)CCC341,0,Yamashita
dihydroneopterin_phosphate,Nc1nc(=O)c2c([nH]1)NCC(C(=O)C(O)CO[PH](=O)(=O)O)N2,0,Holmer
dodecyl_propionate,CCCCCCCCCCCCOC(=O)CC,0,Holmer
ebastine,CC(C)(C)c1ccc(C(=O)CCN2CCC(OC(c3ccccc3)c3ccccc3)CC2)cc1,0,Yamashita
ecabapide,CNC(=O)c1cccc(NCC(=O)NCCc2ccc(OC)c(OC)c2)c1,0,Holmer
enflurane,FC(F)OC(F)(F)C(F)Cl,0,Yamashita
etbe,CCOC(C)(C)C,0,Holmer
ethyl_glucuronide,CCOC1OC(C(=O)O)C(O)C(O)C1O,0,Holmer
flurbiprofen,CC(C(=O)O)c1ccc(-c2ccccc2)c(F)c1,0,Yamashita
fluticasone,CC1CC2C3CC(F)=C4CC(=O)C=CC4(C)C3(F)C(O)CC2(C)C1(O)C(=O)SCF,0,Holmer
galabiosylceramide_(d18:1/24:1(15z)),CCCCCCCCC=CCCCCCCCCCCCCCC(=O)NC(COC1OC(CO)C(OC2OC(CO)C(O)C(O)C2O)C(O)C1O)C(O)C=CCCCCCCCCCCCCC,0,Holmer
gamma-Glutamylcysteine,NC(CCC(=O)NC(CS)C(=O)O)C(=O)O,0,Holmer
ganglioside_gd1b_(d18:1/22:1(13z)),CCCCCCCCC=CCCCCCCCCCCCC(=O)NC(COC1OC(CO)C(OC2OC(CO)C(OC3OC(CO)C(O)C(OC4OC(CO)C(O)C(O)C4O)C3CC(C)=O)C(OC3(C(=O)O)CC(O)C(NC(C)=O)C(C(O)C(CO)OC4(C(=O)O)CC(O)C(NC(C)=O)C(C(O)C(O)CO)O4)O3)C2O)C(O)C1O)C(O)C=CCCCCCCCCCCCCC,0,Holmer
ganglioside_gm2_(d18:0/24:1(15z)),CCCCCCCCC=CCCCCCCCCCCCCCC(=O)NC(COC1OC(CO)C(OC2OC(CO)C(OC3OC(CO)C(O)C(O)C3CC(C)=O)C(OC3(C(=O)O)CC(O)C(NC(C)=O)C(C(O)C(O)CO)O3)C2O)C(O)C1O)C(O)CCCCCCCCCCCCCCC,0,Holmer
ganglioside_gq1c_(d18:1/18:1(9z)),CCCCCCCCC=CCCCCCCCC(=O)NC(COC1OC(CO)C(OC2OC(CO)C(OC3OC(CO)C(O)C(OC4OC(CO)C(O)C(OC5(C(=O)O)CC(O)C(NC(C)=O)C(C(O)C(O)CO)O5)C4O)C3CC(C)=O)C(OC3(C(=O)O)CC(O)C(NC(C)=O)C(C(O)C(CO)OC4(C(=O)O)CC(O)C(NC(C)=O)C(C(O)C(CO)OC5(C(=O)O)CC(O)C(NC(C)=O)C(C(O)C(O)CO)O5)O4)O3)C2O)C(O)C1O)C(O)C=CCCCCCCCCCCCCC,0,Holmer
ganglioside_gq1c_(d18:1/20:0),CCCCCCCCCCCCCC=CC(O)C(COC1OC(CO)C(OC2OC(CO)C(OC3OC(CO)C(O)C(OC4OC(CO)C(O)C(OC5(C(=O)O)CC(O)C(NC(C)=O)C(C(O)C(O)CO)O5)C4O)C3CC(C)=O)C(OC3(C(=O)O)CC(O)C(NC(C)=O)C(C(O)C(CO)OC4(C(=O)O)CC(O)C(NC(C)=O)C(C(O)C(CO)OC5(C(=O)O)CC(O)C(NC(C)=O)C(C(O)C(O)CO)O5)O4)O3)C2O)C(O)C1O)NC(=O)CCCCCCCCCCCCCCCCCCC,0,Holmer
ganglioside_gt1c_(d18:0/26:0),CCCCCCCCCCCCCCCCCCCCCCCCCC(=O)NC(COC1OC(CO)C(OC2OC(CO)C(OC3OC(CO)C(O)C(OC4OC(CO)C(O)C(O)C4O)C3CC(C)=O)C(OC3(C(=O)O)CC(O)C(NC(C)=O)C(C(O)C(CO)OC4(C(=O)O)CC(O)C(NC(C)=O)C(C(O)C(CO)OC5(C(=O)O)CC(O)C(NC(C)=O)C(C(O)C(O)CO)O5)O4)O3)C2O)C(O)C1O)C(O)CCCCCCCCCCCCCCC,0,Holmer
ganglioside_gt1c_(d18:1/18:1(11z)),CCCCCCC=CCCCCCCCCCC(=O)NC(COC1OC(CO)C(OC2OC(CO)C(OC3OC(CO)C(O)C(OC4OC(CO)C(O)C(O)C4O)C3CC(C)=O)C(OC3(C(=O)O)CC(O)C(NC(C)=O)C(C(O)C(CO)OC4(C(=O)O)CC(O)C(NC(C)=O)C(C(O)C(CO)OC5(C(=O)O)CC(O)C(NC(C)=O)C(C(O)C(O)CO)O5)O4)O3)C2O)C(O)C1O)C(O)C=CCCCCCCCCCCCCC,0,Holmer
ganglioside_gt3_(d18:0/14:0),CCCCCCCCCCCCCCCC(O)C(COC1OC(CO)C(OC2OC(CO)C(O)C(OC3(C(=O)O)CC(O)C(NC(C)=O)C(C(O)C(CO)OC4(C(=O)O)CC(O)C(NC(C)=O)C(C(O)C(CO)OC5(C(=O)O)CC(O)C(NC(C)=O)C(C(O)C(O)CO)O5)O4)O3)C2O)C(O)C1O)NC(=O)CCCCCCCCCCCCC,0,Holmer
ganoderic_acid_a,CC(C=O)=CCCC(C)C1CCC2(C)C3=C(C(=O)CC12C)C1(C)CCC(O)C(C)(C)C1CC3,0,Holmer
gbr_12909,Fc1ccc(C(OCCN2CCN(CCCc3ccccc3)CC2)c2ccc(F)cc2)cc1,0,Holmer
geranyl_valerate,CCCCC(=O)OCC=C(C)CCC=C(C)C,0,Holmer
gibberellin_a20_13_glucoside,C=C1CC23CC1(OC1OC(CO)C(O)C(O)C1O)CCC2C12CCCC(C)(C(=O)O1)C2C3C(=O)O,0,Holmer
gibberellin_a92,C=C1CC23CC1(O)CCC2C12OC(=O)C(C)(C=CC1O)C2C3C(=O)O,0,Holmer
gigantetronenin,CCCCCCCCCCCCC=CCCC(O)C(O)CCC(O)C1CCC(CCCCCC(O)Cc2cc(C)oc2O)O1,0,Holmer
gluconolactone,O=C1C(CO)OC(O)C(O)C1O,0,Holmer
glutaminylvaline,CC(C)C(NC(=O)C(N)CCC(N)=O)C(=O)O,0,Holmer
glycinoprenol_9,CC(=CCO)CCC=C(C)CCC=C(C)CCC=C(C)CCC=C(C)CCC=C(C)CCCC(C)CCCC(C)CCCC(C)C,0,Holmer
hebevinoside_xi,COC1C=C2C(CCC(OC3OCC(O)C(O)C3O)C2(C)C)C2(C)CCC3(C)C(C(C)CCC=C(C)C)C(OC4OC(COC(C)=O)C(OC(C)=O)C(O)C4O)CC3(C)C12,0,Holmer
heptadecanoyl_carnitine,CCCCCCCCCCCCCCCCC(=O)OC(CC(=O)[O-])C[N+](C)(C)C,0,Holmer
heptanoic_acid,CCCCCCC(=O)O,0,Holmer
his_pro,NC(Cc1c[nH]cn1)C(=O)N1CCCC1C(=O)O,0,Holmer
humulenol,C=C1CCC=C(C)CC=CC(C)(C)CC1O,0,Holmer
hydrocodone,COc1ccc2c3c1OC1C(=O)CCC4C(C2)N(C)CCC314,0,Yamashita
ile_ser,CCC(C)C(N)C(=O)NC(C=O)C(O)O,0,Holmer
iminodiacetic_acid,O=C(O)CNCC(=O)O,0,Holmer
irbesartan,CCCCC1=NC2(CCCC2)C(=O)N1Cc1ccc(-c2ccccc2-c2nn[nH]n2)cc1,0,Holmer
isobutyl_enanthate,CCCCCCC(=O)OCC(C)C,0,Holmer
isointermedeol,C=C(C)C1CCC2(C)CCCC(C)(O)C2C1,0,Holmer
isoprothiolane,CC(C)OC(=O)C(C(=O)OC(C)C)=C1SCCS1,0,Holmer
janthitrem_e,CC1(C)C=C2c3cc4[nH]c5c(c4cc3C(O)C2C(C)(C)O1)CC1CCC2(O)C3=CC(O)C(C(C)(C)O)OC3CCC2(C)C51C,0,Holmer
kuwanon_a,CC(C)=CCc1c(-c2ccc(O)c3c2OC(C)(C)C=C3)oc2cc(O)cc(O)c2c1=O,0,Holmer
l_galactitol_1_phosphate,O=[PH](=O)(O)OCC(O)C(O)C(O)C(O)CO,0,Holmer
l_isoleucyl_l_glutamate,CCC(C)C(N)C(=O)NC(CCC(=O)O)C(=O)O,0,Holmer
lactapiperanol_d,COC1OCC2(O)C(OC(C)=O)C3CC(C)(C)CC3C3(C)CC132,0,Holmer
lansic_acid,C=C(C)C1CCC(=C)C(CCC2C(C)=CCC(C(=C)C)C2(C)CCC(=O)O)C1(C)CCC(=O)O,0,Holmer
leu_glu,CC(C)CC(N)C(=O)NC(CCC(=O)O)C(=O)O,0,Holmer
licofelone,CC1(C)Cc2c(-c3ccccc3)c(-c3ccc(Cl)cc3)c(CC(=O)O)n2C1,0,Holmer
lilopristone,CN(C)c1ccc(C2=C3C4=C(CCC3C3CCC(O)(C=CCO)C3(C)C2)CC(=O)CC4)cc1,0,DrugBank
linderanolide_b,C=C1OC(=O)C(=CCCCCCCCCCCCCC)C1O,0,Holmer
lornoxicam,CN1C(C(=O)Nc2ccccn2)C(=O)c2sc(Cl)cc2S1(=O)=O,0,Yamashita
madecassic_acid,CC1CCC2(C(=O)O)CCC3(C)C(=CCC4C5(C)CC(O)C(O)C(C)(CO)C5C(O)CC43C)C2C1C,0,Holmer
malonic_acid,O=C(O)CC(=O)O,0,Holmer
mammea_b/ba,CCCc1cc(=O)oc2c(C(=O)CC(C)C)c(O)c(CC=C(C)C)c(O)c12,0,Holmer
mephobarbital,CCC1(c2ccccc2)C(=O)NC(=O)N(C)C1=O,0,DrugBank
methyl_propyl_trisulfide,CCCSSSC,0,Holmer
metoprolol,COCCc1ccc(OCC(O)CNC(C)C)cc1,0,DrugBank
morphinone,CN1CCC23C4=CCC(=O)C2Oc2c(O)ccc(c23)CC41,0,Holmer
mppp,Cc1ccc(C(=O)C(C)N2CCCC2)cc1,0,Holmer
muconin,CCCCCCCCCCCCC(O)C1CCC(C2CCCC(C(O)CCCCCCCC(O)Cc3cc(C)oc3O)O2)O1,0,Holmer
n6_n6_n6_trimethyl_l_lysine,C[N+](C)(C)CCCCC(N)C(=O)[O-],0,Holmer
n_methylnicotinamide,CNC(=O)c1cccnc1,0,Holmer
n_ribosylhistidine,NC(Cc1cn(C2OC(CO)C(O)C2O)cn1)C(=O)O,0,Holmer
ndpa,CCCN(CCC)N=O,0,Holmer
nequinate,CCCCc1cc2c(=O)c(C(=O)OC)c[nH]c2cc1OCc1ccccc1,0,Holmer
neuacalpha2_8neuacalpha2_3galbeta1_4glcbeta_cer(d18:1/16:0),CCCCCCCCCCCCCC=CC(O)C(COC1OC(CO)C(OC2OC(CO)C(O)C(OC3(C(=O)O)CC(O)C(NC(C)=O)C(C(O)C(CO)OC4(C(=O)O)CC(O)C(NC(C)=O)C(C(O)C(CO)OC5(C(=O)O)CC(O)C(NC(C)=O)C(C(O)C(O)CO)O5)O4)O3)C2O)C(O)C1O)NC(=O)CCCCCCCCCCCCCCC,0,Holmer
nevirapine,Cc1ccnc2c1NC(=O)c1cccnc1N2C1CC1,0,DrugBank
niazinin,COC(=S)NCc1ccc(OC2OC(C)C(O)C(O)C2O)cc1,0,Holmer
nmpha,CN(N=O)c1ccccc1,0,Holmer
nn_diethylformamide,CCN(C=O)CC,0,Holmer
norartocarpetin,O=c1cc(-c2ccc(O)cc2O)oc2cc(O)cc(O)c12,0,Holmer
nordihydrocapsaicin,COc1cc(CNC(=O)CCCCCC(C)C)ccc1O,0,DrugBank
norverapamil,COc1ccc(CCNCCCC(C#N)(c2ccc(OC)c(OC)c2)C(C)C)cc1OC,0,DrugBank
ochratoxin_b,CC1Cc2ccc(C(=O)NC(Cc3ccccc3)C(=O)O)c(O)c2C(=O)O1,0,Holmer
octyl_butanoate,CCCCCCCCOC(=O)CCC,0,Holmer
oleic_acid,CCCCCCCCC=CCCCCCCCC(=O)O,0,Holmer
panaquinquecol_7,CCCCCCCC1OC1CC#CC#CC(=O)CCO,0,Holmer
pantoprazole,COc1ccnc(C[S+]([O-])c2nc3cc(OC(F)F)ccc3[nH]2)c1OC,0,Yamashita
peg/ppg_butyl_ether,CCCCOCCOCC(C)OCCCOC,0,Holmer
pentachlorobenzene,Clc1cc(Cl)c(Cl)c(Cl)c1Cl,0,Holmer
permetin_a,CCC(C)C1=NC(=O)C(CCN)N=C(O)CC(C(C)CC)OC(=O)C(CO)N=C(O)C(CC(C)C)N=C(O)C(C(C)C)NC(=O)C(CCN)NC(=O)C(CC(C)C)NC(=O)C(Cc2ccccc2)NC(=O)C(CCN)NC1O,0,Holmer
phenformin,N=C(N)N=C(N)NCCc1ccccc1,0,Holmer
phomopsin_a,C=C(C)C1NC(=O)C(NC)C(O)c2cc(Cl)c(O)c(c2)OC(C)(CC)C(C(=O)N2CC=CC2C(=O)N=C(C(=O)NC(=CC(=O)O)C(=O)O)C(C)CC)NC1=O,0,Holmer
phosphoric_acid,O=[PH](=O)(O)O,0,Holmer
phyllocladene,C=C1CC23CCC4C(C)(C)CCCC4(C)C2CCC1C3,0,Holmer
pilocarpine,CCC1C(=O)OCC1Cc1cncn1C,0,Holmer
pinoline,COc1ccc2[nH]c3c(c2c1)CCNC3,0,Yamashita
prenyl_benzoate,CC(C)=CCOC(=O)c1ccccc1,0,Holmer
proguanil,CC(C)N=C(N)N=C(N)Nc1ccc(Cl)cc1,0,Yamashita
pseudouridine,O=c1[nH]cc(C2OC(CO)C(O)C2O)c(=O)[nH]1,0,Holmer
psoralen,O=c1ccc2cc3ccoc3cc2o1,0,DrugBank
purine,c1ncc2[nH]cnc2n1,0,Holmer
quercetin_3_o_alpha_d_arabinofuranoside,O=c1c(OC2OC(CO)C(O)C2O)c(-c2ccc(O)c(O)c2)oc2cc(O)cc(O)c12,0,Holmer
quinidine,C=CC1CN2CCC1CC2C(O)c1ccnc2ccc(OC)cc12,0,DrugBank
r_95913,O=C(C1CC1)C(c1ccccc1F)N1CCc2sc(O)cc2C1,0,Holmer
rebaudioside_a,C=C1CC23CCC4C(C)(C(=O)OC5OC(CO)C(O)C(O)C5O)CCCC4(C)C2CCC1(OC1OC(CO)C(O)C(OC2OC(CO)C(O)C(O)C2O)C1OC1OC(CO)C(O)C(O)C1O)C3,0,Holmer
reduced_dolasetron,O=C(OC1CC2CC3CC(C1)N2CC3O)c1c[nH]c2ccccc12,0,Holmer
repaglinide,CCOc1cc(CC(=O)NC(CC(C)C)c2ccccc2N2CCCCC2)ccc1C(=O)O,0,Yamashita
reticulatain_2,CCCCCCCCCCC(O)C1CCC(COCCCCCCCCCCCCCCCCc2cc(C)oc2O)O1,0,Holmer
rp73401,COc1ccc(C(=O)Nc2c(Cl)cncc2Cl)cc1OC1CCCC1,0,DrugBank
s_methyl_propanethioate,CCC(=O)SC,0,Holmer
s_mtppa,Cc1ccsc1-c1ccc(C(C)C(=O)O)cc1,0,Holmer
schembl12591362,COc1cc(C=CC(=O)NCCCCN=C(N)N)cc2c1OC(c1ccc(OC3OC(CO)C(O)C(O)C3O)cc1)C2C(=O)NCCCCN=C(N)N,0,Holmer
schembl2832271,CC(C=CC=C(C)C=CC=C(C)CCC1OC1(C)C)=CC=CC=C(C)C=CC=C(C)C=CC1=C(C)CCCC1(C)C,0,Holmer
schembl2833041,CC(C=O)=CC=CC(C)=CC=CC=C(C)C=CC=C(C)C=CC12OC1(C)CC(O)CC2(C)C,0,Holmer
schembl3189202,CC(C)=CCCC(C)=CCOC1OC(COC2OC(C)C(O)C(O)C2O)C(O)C(O)C1O,0,Holmer
schembl9438541,CC1OC(O[PH](=O)(=O)O[PH](=O)(=O)OCC2OC(n3cnc4c(=O)[nH]c(N)nc43)C(O)C2O)C(O)C(O)C1O,0,Holmer
sdz_imm_125,CC=CCC(C)C(O)C1C(=O)NC(CC)C(=O)N(C)CC(=O)N(C)C(CC(C)C)C(=O)NC(C(C)C)C(=O)N(C)C(CC(C)C)C(=O)NC(C)C(=O)NC(COCCO)C(=O)N(C)C(CC(C)C)C(=O)N(C)C(CC(C)C)C(=O)N(C)C(C(C)C)C(=O)N1C,0,Holmer
serylarginine,N=C(N)NCCCC(NC(=O)C(N)CO)C(=O)O,0,Holmer
sirolimus,COC1CC2CCC(C)C(O)(O2)C(=O)C(=O)N2CCCCC2C(=O)OC(C(C)CC2CCC(O)C(OC)C2)CC(=O)C(C)=CC(C)C(O)C(OC)C(=O)C(C)CC(C)C=CC=CC=C1C,0,Yamashita
sm_12502,CC1SC(c2cccnc2)N(C)C1=O,0,Holmer
sparteine,C1CCN2CC3CC(CN4CCCCC34)C2C1,0,Yamashita
sr_49498,CCCCC(=O)NC1(C(=O)NCc2ccc(-c3ccccc3-c3nn[nH]n3)cc2)CCCC1,0,Holmer
sulfamethoxazole,Cc1cc(NS(=O)(=O)c2ccc(N)cc2)no1,0,Yamashita
tame,CCC(C)(C)OC,0,Holmer
taurochenodeoxycholic_acid,CC(CCC(=O)NCCS(=O)(=O)O)C1CCC2C3C(O)CC4CC(O)CCC4(C)C3CCC12C,0,Holmer
tetradec_2_enal,CCCCCCCCCCCC=CC=O,0,Holmer
tetrahydropentoxyline,O=C(O)C1Cc2c([nH]c3ccccc23)C(C(O)C(O)C(O)C(O)CO)N1,0,Holmer
thalidomide,O=C1CCC(N2C(=O)c3ccccc3C2=O)C(=O)N1,0,Yamashita
tolbutamide,CCCCNC(=O)NS(=O)(=O)c1ccc(C)cc1,0,Yamashita
tramadol,COc1cccc(C2(O)CCCCC2CN(C)C)c1,0,Yamashita
trans_4_hydroxycyclohexylacetic_acid,O=C(O)CC1CCC(O)CC1,0,Holmer
trihexosylceramide_(d18:1/24:1(15z)),CCCCCCCCC=CCCCCCCCCCCCCCC(=O)NC(COC1OC(CO)C(OC2OC(CO)C(OC3OC(CO)C(O)C(O)C3O)C(O)C2O)C(O)C1O)C(O)C=CCCCCCCCCCCCCC,0,Holmer
tyramine_glucuronide,NCCc1ccc(OC2OC(C(=O)O)C(O)C(O)C2O)cc1,0,Holmer
ubiquinol_6,COc1c(O)c(C)c(CC=C(C)CCC=C(C)CCC=C(C)CCC=C(C)CCC=C(C)CCC=C(C)C)c(O)c1OC,0,Holmer
unii_408af93g1u,CCSC(C)CCO,0,Holmer
unii_mh0uum21k0,CC1(C)CCCC(C)(O)C1=O,0,Holmer
upunaphenol_e,O=Cc1ccc2c(c1)C(c1cc(O)cc3c1C(c1cc(O)cc(O)c1)C(c1ccc(O)cc1)O3)C(c1ccc(O)cc1)O2,0,Holmer
uric_acid,O=c1[nH]c(=O)c2[nH]c(=O)[nH]c2[nH]1,0,Holmer
valproic_acid,CCCC(CCC)C(=O)O,0,DrugBank
valsartan,CCCCC(=O)N(Cc1ccc(-c2ccccc2-c2nn[nH]n2)cc1)C(C(=O)O)C(C)C,0,Yamashita
vanilpyruvic_acid,COc1cc(CC(=O)C(=O)O)ccc1O,0,Holmer
veranisatin_a,COCC1(O)C2CC3(C(=O)C(O)O2)C(C)CCC3(O)C12COC2=O,0,Holmer
xanthosine,O=c1[nH]c(=O)c2ncn(C3OC(CO)C(O)C3O)c2[nH]1,0,Holmer
zinc13744633,COc1cc2c(cc1OC)C(=O)C(CC1CCNCC1)C2,0,Holmer
zinc2572145,CC1(O)CC2CCC1(C)C2(C)C,0,Holmer
