Name,SMILES,Label,Source
quetiapine,OCCOCCN1CCN(C2=Nc3ccccc3Sc3ccccc32)CC1,1,DrugBank
3_cyano_7_ethoxycoumarin,CCOc1ccc2cc(C#N)c(=O)oc2c1,1,Holmer
3_methoxyamphetamine,COc1cccc(CC(C)N)c1,1,Siyang_Tian
4_methoxy_N_ethylamphetamine,CCNC(C)Cc1ccc(OC)cc1,1,Holmer
6_methylchrysene,Cc1cc2c3ccccc3ccc2c2ccccc12,1,Siyang_Tian
N-Desmethylclomipramine,[cH:1]1[cH:2][cH:3][c:4]2[c:5]([cH:6]1)[N:7]([CH2:17][CH2:18][CH2:19][NH:20][CH3:21])[c:8]1[c:9]([cH:10][cH:11][c:12]([Cl:13])[cH:14]1)[CH2:15][CH2:16]2,1,DrugBank
N-Desmethylmianserin,c1ccc2c(c1)Cc1ccccc1N1CCNCC21,1,DrugBank
N_trifluoro_ethyl_desisopropyl_propranolol,OC(CNCC(F)(F)F)COc1cccc2ccccc12,1,DrugBank
abt_438,CC(C#Cc1ccc(Cc2ccc(F)cc2)s1)NC(N)=O,1,Siyang_Tian
abt_761,CC(C#Cc1ccc(Cc2ccc(F)cc2)s1)N(O)C(N)=O,1,Siyang_Tian
aminopyrine,CN(C)c1cn(C)n(-c2ccccc2)c1=O,1,DrugBank
atomoxetine,CNCCC(Oc1ccccc1C)c1ccccc1,1,DrugBank
barnidipine,COC(=O)C1=C(C)N=C(C)C(C(=O)OC2CCN(Cc3ccccc3)C2)C1c1cccc([N+](=O)[O-])c1,1,Siyang_Tian
capsaicin,COc1cc(CNC(=O)CCCCC=CC(C)C)ccc1O,1,Yamashita
chlorpropamide,CCCNC(=O)NS(=O)(=O)c1ccc(Cl)cc1,1,Yamashita
cj_12_458,C=C(C)c1ccc(OC)c(CNC2C3CCN(CC3)C2C(c2ccccc2)c2ccccc2)c1,1,Siyang_Tian
delavirdine,CC(C)Nc1cccnc1N1CCN(C(=O)c2cc3cc(NS(C)(=O)=O)ccc3[nH]2)CC1,1,DrugBank
deshydroxy_propranolol,CC(C)NCCCOc1cccc2ccccc12,1,DrugBank
diuron,CN(C)C(=O)Nc1ccc(Cl)c(Cl)c1,1,Yamashita
domperidone,O=c1[nH]c2ccccc2n1CCCN1CCC(n2c(=O)[nH]c3cc(Cl)ccc32)CC1,1,DrugBank
fluvastatin,CC(C)n1c(C=CC(O)CC(O)CC(=O)O)c(-c2ccc(F)cc2)c2ccccc21,1,DrugBank
gbr_12909,Fc1ccc(C(OCCN2CCN(CCCc3ccccc3)CC2)c2ccc(F)cc2)cc1,1,Siyang_Tian
harmine,COc1ccc2c(c1)[nH]c1c(C)nccc12,1,Siyang_Tian
imipramine,CN(C)CCCN1c2ccccc2CCc2ccccc21,1,DrugBank
isoprene,C=CC(=C)C,1,Yamashita
jpc_2056,CC(C)N=C(N)N=C(N)NOCCCOc1ccc(OC(F)(F)F)cc1Cl,1,Siyang_Tian
linalool,C=CC(C)(O)CCC=C(C)C,1,Yamashita
loratadine,CCOC(=O)N1CCC(=C2c3ccc(Cl)cc3CCc3cccnc32)CC1,1,DrugBank
maprotiline,CNCCCC12CCC(c3ccccc31)c1ccccc12,1,DrugBank
mdppp,CC(C(=O)c1ccc2c(c1)OCO2)N1CCCC1,1,Holmer
methyleugenol,C=CCc1ccc(OC)c(OC)c1,1,Yamashita
metoprolol,COCCc1ccc(OCC(O)CNC(C)C)cc1,1,DrugBank
minaprine,Cc1cc(-c2ccccc2)nnc1NCCN1CCOCC1,1,DrugBank
mirtazapine,CN1CCN2c3ncccc3Cc3ccccc3C2C1,1,DrugBank
moppp,COc1ccc(C(=O)C(C)N2CCCC2)cc1,1,Holmer
nicotine,CN1CCCC1c1cccnc1,1,DrugBank
nmba,CCCCN(C)N=O,1,Holmer
nn_dimethyl_m_toluamide,CCN(CC)C(=O)c1cccc(C)c1,1,Holmer
o_phenylphenol,Oc1ccccc1-c1ccccc1,1,Holmer
osu_6162,CCCN1CCCC(c2cccc(S(C)(=O)=O)c2)C1,1,Siyang_Tian
para_cresol,Cc1ccc(O)cc1,1,Siyang_Tian
perphenazine,OCCN1CCN(CCCN2c3ccccc3Sc3ccc(Cl)cc32)CC1,1,DrugBank
phorate,CCOP(=S)(OCC)SCSCC,1,Siyang_Tian
promazine,CN(C)CCCN1c2ccccc2Sc2ccccc21,1,DrugBank
r_568,COc1cccc(C(C)NCCCc2ccccc2Cl)c1,1,Siyang_Tian
rabeprazole_thioether,COCCCOc1ccnc(CSc2nc3ccccc3[nH]2)c1C,1,DrugBank
ranitidine,CN=C(C[N+](=O)[O-])NCCSCc1ccc(CN(C)C)o1,1,Siyang_Tian
reduced_dolasetron,O=C(OC1CC2CC3CC(C1)N2CC3O)c1c[nH]c2ccccc12,1,DrugBank
risperidone,Cc1nc2n(c(=O)c1CCN1CCC(c3noc4cc(F)ccc34)CC1)CCCC2,1,DrugBank
sparteine,C1CCN2CC3CC(CN4CCCCC34)C2C1,1,Yamashita
sulprofos,CCCSP(=S)(OCC)Oc1ccc(SC)cc1,1,Holmer
tamoxifen,CCC(=C(c1ccccc1)c1ccc(OCCN(C)C)cc1)c1ccccc1,1,DrugBank
tegaserod,CCCCCN=C(N)NN=Cc1c[nH]c2ccc(OC)cc12,1,DrugBank
theophylline,Cn1c(=O)c2[nH]cnc2n(C)c1=O,1,DrugBank
tramadol,COc1cccc(C2(O)CCCCC2CN(C)C)c1,1,DrugBank
trans_stilbene,C(=Cc1ccccc1)c1ccccc1,1,Holmer
traxoprodil,CC(C(O)c1ccc(O)cc1)N1CCC(O)(c2ccccc2)CC1,1,Yamashita
tyramine,NCCc1ccc(O)cc1,1,Siyang_Tian
v11294,CCN=c1ncn(Cc2ccc(OC)c(OC3CCCC3)c2)c2[nH]c(C(C)C)nc12,1,Holmer
voreloxin,CNC1CN(c2ccc3c(=O)c(C(=O)O)cn(-c4nccs4)c3n2)CC1OC,1,Siyang_Tian
zopiclone,CN1CCN(C(=O)Oc2c3nccnc3c(O)n2-c2ccc(Cl)cn2)CC1,1,Yamashita
ethanol,CCO,0,Yamashita
(+)_1(10)_4_cadinadiene,CC1=CC2C(=C(C)CCC2C(C)C)CC1,0,Holmer
(16s)_16_hydroxy_13_16_secotrachyloba_13_ene_3_one,CC1(O)CC23C=CC1CC2C1(C)CCC(=O)C(C)(C)C1CC3,0,Holmer
"(1S,4R)-Fenchone",CC12CCC(C1)C(C)(C)C2=O,0,Holmer
(1r_2r_4s_5r_8r_9s_10s_11r)_4_hydroxy_11_methyl_6_methylidene_12_oxo_13_oxapentacyclo_9.3.3.15_8.01_10.02_8_octadecane_9_carboxylic_acid,C=C1CC23CC1C(O)CC2C12CCCC(C)(C(=O)OC1)C2C3C(=O)O,0,Holmer
(20s)_protopanaxadiol,CC(C)=CCCC(C)(O)C1CCC2(C)C1C(O)CC1C3(C)CCC(O)C(C)(C)C3CCC12C,0,Holmer
(25r)_3beta__4_o__2_o__3_o_(beta_d_glucopyranosyl)_beta_d_glucopyranosyl__3_o_(beta_d_xylopyranosyl)_beta_d_glucopyranosyl__beta_d_galactopyranosyloxy__6beta_hydroxy_5alpha_spirostane_2_one,CC1CCC2(OC1)OC1CC3C4CC(O)C5CC(OC6OC(CO)C(OC7OC(CO)C(O)C(OC8OCC(O)C(O)C8O)C7OC7OC(CO)C(O)C(OC8OC(CO)C(O)C(O)C8O)C7O)C(O)C6O)C(=O)CC5(C)C4CCC3(C)C1C2C,0,Holmer
"(2S,3R,4S,5R,6S)-6-[5,7-Dihydroxy-2-(4-hydroxyphenyl)-4-oxochromen-3-yl]oxy-3,4,5-trihydroxyoxane-2-carboxylic acid",O=C(O)C1OC(Oc2c(-c3ccc(O)cc3)oc3cc(O)cc(O)c3c2=O)C(O)C(O)C1O,0,Holmer
"(2S,4S,5R,6R)-2-{[(2S,3R,4S,5S,6R)-2-{[(2R,3S,4R,5R,6R)-4,5-Dihydroxy-6-{[(2S,3R)-3-hydroxy-2-tetradecanamidooctadecyl]oxy}-2-(hydroxymethyl)oxan-3-yl]oxy}-3,5-dihydroxy-6-(hydroxymethyl)oxan-4-yl]oxy}-5-acetamido-4-hydroxy-6-[(1R,2R)-1,2,3-trihydroxypropyl]oxane-2-carboxylic acid",CCCCCCCCCCCCCCCC(O)C(COC1OC(CO)C(OC2OC(CO)C(O)C(OC3(C(=O)O)CC(O)C(NC(C)=O)C(C(O)C(O)CO)O3)C2O)C(O)C1O)NC(=O)CCCCCCCCCCCCC,0,Holmer
(2r)_2_{_(2r)_2_amino_1_hydroxy_3_(4_hydroxyphenyl)propylidene_amino}_3_(c_hydroxycarbonimidoyl)propanoic_acid,NC(=O)CC(NC(=O)C(N)Cc1ccc(O)cc1)C(=O)O,0,Holmer
(2r)_2_{_(2r)_2_amino_1_hydroxy_4_(methylsulfanyl)butylidene_amino}butanedioic_acid,CSCCC(N)C(=O)NC(CC(=O)O)C(=O)O,0,Holmer
(2s)_2_azaniumyloctanoate,CCCCCCC(N)C(=O)O,0,Holmer
(2s_3r_4s_5s_6r)_2__(e_2s)_6_hydroperoxy_6_methyl_2__(3s_6s_8r_9r_10r_12r_14r_17s)_3_6_12_trihydroxy_4_4_8_10_14_pentamethyl_2_3_5_6_7_9_11_12_13_15_16_17_dodecahydro_1h_cyclopenta_a_phenanthren_17_yl_hept_4_en_2_yl_oxy_6_(hydroxymethyl)oxane_3_4_5_triol,CC(C)(C=CCC(C)(OC1OC(CO)C(O)C(O)C1O)C1CCC2(C)C1C(O)CC1C3(C)CCC(O)C(C)(C)C3C(O)CC12C)OO,0,Holmer
(2s_3r_4s_5s_6r)_3_4_5_trihydroxy_6_(hydroxymethyl)oxan_2_yl_(4ar_5r_6as_6br_10s_12ar_12br)_10_{_(2s_3r_4s_5s)_3_5_dihydroxy_4_{_(2s_3r_4s_5s_6r)_3_4_5_trihydroxy_6_(hydroxymethyl)oxan_2_yl_oxy}oxan_2_yl_oxy}_5_hydroxy_2_2_6a_6b_9_9_12a_heptamethyl_1_2_3_4_4a_5_6_6a_6b_7_8_8a_9_10_11_12_12a_12b_13_14b_icosahydropicene_4a_carboxylate,CC1(C)CCC2(C(=O)OC3OC(CO)C(O)C(O)C3O)C(O)CC3(C)C(=CCC4C5(C)CCC(OC6OCC(O)C(OC7OC(CO)C(O)C(O)C7O)C6O)C(C)(C)C5CCC43C)C2C1,0,Holmer
(2s_4s_5r)_2_{_(1s_2r)_1__(3r_4s_6s)_6_carboxy_6_{_(1s_2r)_1__(3r_4s_6s)_6_carboxy_6_{_(2r_3s_4r_5r_6s)_3_{_(2s_3r_4r_5r_6r)_4_5_dihydroxy_6_(hydroxymethyl)_3_(2_oxopropyl)oxan_2_yl_oxy}_6_{_(2r_3s_4r_5r_6r)_4_5_dihydroxy_6_{_(2s_3r)_3_hydroxy_2__(1_hydroxydodecylidene)amino_octadec_4_en_1_yl_oxy}_2_(hydroxymethyl)oxan_3_yl_oxy}_5_hydroxy_2_(hydroxymethyl)oxan_4_yl_oxy}_4_hydroxy_3__(1_hydroxyethylidene)amino_oxan_2_yl__1_3_dihydroxypropan_2_yl_oxy}_4_hydroxy_3__(1_hydroxyethylidene)amino_oxan_2_yl__1_3_dihydroxypropan_2_yl_oxy}_4_hydroxy_5__(1_hydroxyethylidene)amino__6__(1r_2r)_1_2_3_trihydroxypropyl_oxane_2_carboxylic_acid,CCCCCCCCCCCCCC=CC(O)C(COC1OC(CO)C(OC2OC(CO)C(OC3OC(CO)C(O)C(O)C3CC(C)=O)C(OC3(C(=O)O)CC(O)C(NC(C)=O)C(C(O)C(CO)OC4(C(=O)O)CC(O)C(NC(C)=O)C(C(O)C(CO)OC5(C(=O)O)CC(O)C(NC(C)=O)C(C(O)C(O)CO)O5)O4)O3)C2O)C(O)C1O)NC(=O)CCCCCCCCCCC,0,Holmer
(3r)_2_3_6_7_8_9_10_10a_octahydro_4_7_10abeta_trimethyl_1h_3abeta_8beta_methano_4alpha_7alpha_epoxy_4h_5_oxacyclopentacyclononene_3beta_ol,CC12COC(C)(O1)C13CC2CCC1(C)CCC3O,0,Holmer
(4r_9r_15s_18s_19s_20r_21r)_9_12_dimethyl_6_propan_2_yl_14_16_dioxahexacyclo_16.3.1.04_12.05_9.013_21.015_20_docosa_1_5_diene_18_19_20_22_tetrol,CC(C)C1=C2C3CC=C4C(O)C5(O)COC6OC(C4C6(O)C5O)C3(C)CCC2(C)CC1,0,Holmer
(5r)_3_hydroxy_2_methyl_5_prop_1_en_2_ylcyclohex_2_en_1_one,C=C(C)C1CC(=O)C(C)C(=O)C1,0,Holmer
(5r)_5_isopropyl_2_methyl_2_cyclohexen_1_one,CC1=CCC(C(C)C)CC1=O,0,Holmer
"(6R,10R)-6,10,14-Trimethyl-2-methylidenepentadecanal",C=C(C=O)CCCC(C)CCCC(C)CCCC(C)C,0,Holmer
(S)-(3-Methyl-2-butenyl) ethanethioate,CC(=O)SCC=C(C)C,0,Holmer
(_)_pinocampheol,CC1C(O)CC2CC1C2(C)C,0,Holmer
(e)_casimiroedine,CN(CCc1cn(C2OC(CO)C(O)C(O)C2O)cn1)C(=O)C=Cc1ccccc1,0,Holmer
(r)_7_hydroxywarfarin,CC(=O)CC(c1ccccc1)c1c(O)c2ccc(O)cc2oc1=O,0,Holmer
(s)_beta_aminoisobutyric_acid,CC(CN)C(=O)O,0,Holmer
(s)_hydroxyoctadecanoyl_coa,CCCCCCCCCCCCCCCC(O)CC(=O)SCCNC(=O)CCNC(=O)C(O)C(C)(C)CO[PH](=O)(=O)O[PH](=O)(=O)OCC1OC(n2cnc3c(N)nccc32)C(O)C1O[PH](=O)(=O)O,0,Holmer
(z)_2_methyl_6__(3r_15r_16r)_7_7_12_16_tetramethyl_6_oxo_15_pentacyclo_9.7.0.01_3.03_8.012_16_octadecanyl_hept_2_enoic_acid,CC(=CCCC(C)C1CCC2(C)C3CCC4C(C)(C)C(=O)CCC45CC35CCC12C)C(=O)O,0,Holmer
(z)_5_hexadecenoic_acid,CCCCCCCCCCC=CCCCC(=O)O,0,Holmer
"1-Hydroxy-3,7-dimethoxyxanthone",COc1cc(O)c2c(=O)c3cc(OC)ccc3oc2c1,0,Holmer
11_12_15_trihydroxy_(5z_8z_13e)_icosatrienoate,CCCCCC(O)C=CC(O)C(O)CC=CCC=CCCCC(=O)O,0,Holmer
11z_octadecenylcarnitine,CCCCCCC=CCCCCCCCCCC(=O)OC(CCC(=O)[O-])[N+](C)(C)C,0,Holmer
13-Heptadecyn-1-ol,CCCC#CCCCCCCCCCCCCO,0,Holmer
13s_hotre,CCC=CCC(O)C=CC=CCCCCCCCC(=O)O,0,Holmer
15_oxo_lipoxin_a4,CCCCCC(=O)C=CC=CC=CC=CC(O)C(O)CCCC(=O)O,0,Holmer
19(20)_epdpe,CCC1OC1CC=CCC=CCC=CCC=CCC=CCCC(=O)O,0,Holmer
1_(2_2_dimethylchromen_6_yl)ethanol,CC(O)c1ccc2c(c1)C=CC(C)(C)O2,0,Holmer
1_1_dimethylbiguanide,CN(C)C(N)=NC(=N)N,0,Holmer
1_acetoxy_4_6_tetradecadiene_8_10_12_triyne,CC#CC#CC#CC=CC=CCCCOC(C)=O,0,Holmer
1_nitroheptane,CCCCCCC=[N+](O)O,0,Holmer
"2,2,7,7-Tetramethyl-1,6-dioxaspiro[4.4]nona-3,8-diene",CC1(C)C=CC2(C=CC(C)(C)O2)O1,0,Holmer
2-Amino-5-phenylpyridine,Nc1ccc(-c2ccccc2)cn1,0,Holmer
2-Deoxyribonic acid,O=C(O)CC(O)C(O)CO,0,Holmer
2-Hexenoylcholine,CCC=CCC(=O)OCC[N+](C)(C)C,0,Holmer
20_coa_20_oxo_18r_hydroxyleucotriene_b4,CC(C)(CO[PH](=O)(=O)O[PH](=O)(=O)OCC1OC(n2cnc3c(N)ncnc32)C(O)C1O[PH](=O)(=O)O)C(O)C(=O)NCCC(=O)NCCSC(=O)CC(O)CCC=CCC(O)C=CC=CC=CC(O)CCCC(=O)O,0,Holmer
20_dihydroxyleukotriene_b4,O=C(O)CCCC(O)C=CC=CC=CC(O)CC=CCCCCC(O)O,0,Holmer
24_methylcycloarta_25_ene_3beta_ylhexadecanoate,C=C(C)C(C)CCC(C)C1CCC2(C)C3CCC4C(C)(C)C(OC(=O)CCCCCCCCCCCCCCC)CCC45CC35CCC12C,0,Holmer
27_deoxy_5alpha_cyprinol,CC(CO)CCCC(C)C1CCC2C3C(O)CC4CC(O)CCC4(C)C3CC(O)C12C,0,Holmer
2_4_6_tribromophenol,Oc1c(Br)cc(Br)cc1Br,0,Holmer
2__(1_2_3_4_4a_7_hexahydro_4a_alpha_8_dimethyl_7_oxonaphthalen)_2alpha_yl_acrylic_acid,C=C(C(=O)O)C1C=C2C(C)C(=O)C=CC2(C)CC1,0,Holmer
2_amino_4_oxo_4_alpha_hydroxy_6_(erythro_1prime_2prime_3prime_trihydroxypropyl)_5_6_7_8_tetrahydroxypterin,Nc1nc(=O)c2c([nH]1)N(O)C(O)C(O)(C(O)C(O)CO)N2O,0,Holmer
2_ethoxyethanol,CCOCCO,0,Holmer
2_methylpropyl_hexanoate,CCCCCC(=O)OCC(C)C,0,Holmer
2_naphthylamine,Nc1ccc2ccccc2c1,0,Holmer
2_oxoalantolactone,C=C1C(=O)OC2CC3(C)CC(=O)CC(C)C3=CC12,0,Holmer
2prime_cytidylic_acid,Nc1ccn(C2OC(CO)C(O)C2O[PH](=O)(=O)O)c(=O)n1,0,Holmer
2prime_epi_ginsenoynel,C=C1CCC2CC=C(C#CC#CCC3OC3CCCCCCC)OC2(C)CCC2C1CC2(C)C,0,Holmer
2primedeoxy_thymidine_5prime_diphospho_alpha_d_glucose,Cc1cn(C2CC(O)C(CO[PH](=O)(=O)O[PH](=O)(=O)OC3OC(CO)C(O)C(O)C3O)O2)c(=O)[nH]c1=O,0,Holmer
3_3_dimethylhexane,CCCC(C)(C)CC,0,Holmer
3_4_dicaffeoyl_1_5_quinolactone,O=C(C=Cc1ccc(O)c(O)c1)OC1CC2(O)CC(OC2=O)C1OC(=O)C=Cc1ccc(O)c(O)c1,0,Holmer
3_methylene_l_norleucine,CCCC(C)C(=N)C(=O)O,0,Holmer
3_methylether_estradiol,COc1ccc2c(c1)CCC1C2CCC2(C)C(O)CCC12,0,Holmer
3_methylphenylacetic_acid,Cc1cccc(CC(=O)O)c1,0,Holmer
3_o_alpha_l_fucopyranosyl_d_glucose,CC1OC(OC(C(=O)CO)C(O)C(O)CO)C(O)C(O)C1O,0,Holmer
3_o_sulfogalactosylceramide_(d18:1/24:0),CCCCCCCCCCCCCC=CC(O)C(COC1OC(CO)C(O)C(OS(=O)(=O)O)C1O)NC(=O)CCCCCCCCCCCCCCCCCCCCCCC,0,Holmer
3_sulfo_6_sulfonato_1__(e)_2_(2_4_5_trimethylphenyl)diazen_1_yl_naphthalen_2_olate,Cc1cc(C)c(N=Nc2c(O)c(S(=O)(=O)O)cc3cc(S(=O)(=O)O)ccc23)cc1C,0,Holmer
3_{13__5_(1_6_dihydroxypentadecyl)oxolan_2_yl__2_13_dihydroxy_8_oxotridecyl}_5_methyl_2_5_dihydrofuran_2_one,CCCCCCCCCC(O)CCCCC(O)C1CCC(C(O)CCCCC(=O)CCCCCC(O)Cc2cc(C)oc2O)O1,0,Holmer
3beta__(6_o_beta_d_glucopyranosyl_beta_d_glucopyranosyloxy__23_24_25_26_27_pentanorcucurbita_5_ene_22_al,CC(C=O)C1CCC2(C)C3CC=C4C(CCC(OC5OC(COC6OC(CO)C(O)C(O)C6O)C(O)C(O)C5O)C4(C)C)C3(C)CCC12C,0,Holmer
3prime_methoxyfukiic_acid,COc1cc(CC(O)(C(=O)O)C(=O)C(O)O)ccc1O,0,Holmer
4_(hydroxymethyl)benzenediazonium(1+),N#[N+]c1ccc(CO)cc1,0,Holmer
4_hydroxyestrone_sulfate,CC12CCC3c4ccc(OS(=O)(=O)O)c(O)c4CCC3C1CCC2=O,0,Holmer
4_oxo_retinoic_acid,CC(C=CC1=C(C)C(=O)CCC1(C)C)=CC=CC(C)=CC(=O)O,0,Holmer
58c80,CC(C)(C)C1CC=C(c2c(O)c(O)c3ccccc3c2O)CC1,0,Holmer
5_nonadecyl_1_3_benzenediol,CCCCCCCCCCCCCCCCCCCc1cc(O)cc(O)c1,0,DrugBank
5alpha_androst_3_en_17_one,CC12CCC3C(CCC4C=CCCC43C)C1CCC2=O,0,DrugBank
5alpha_cholestanone,CC(C)CCCC(C)C1CCC2C3CCC4CC(=O)CCC4(C)C3CCC12C,0,Holmer
6_trans_12_epi_leukotriene_b4,CCCCCC=CCC(O)C=CC=CC=CC(O)CCCC(=O)O,0,Holmer
7_hexoxycoumarin,CCCCCCOc1ccc2ccc(=O)oc2c1,0,Holmer
7beta_12alpha_dihydroxycholanoic_acid,CC(CCC(=O)O)C1CCC2C3C(O)CC4CCCCC4(C)C3CC(O)C12C,0,Holmer
8-Desoxygartanin,CC(C)=CCc1c(O)c(CC=C(C)C)c2oc3c(O)cccc3c(=O)c2c1O,0,Holmer
8_hete,CCCCCC=CCC=CC=CC(O)CC=CCCCC(=O)O,0,Holmer
8_iso_pga1,CCCCCC(=O)C=CC1CCC(=O)C1CCCCCCC(=O)O,0,Holmer
8_mop,COc1c2occc2cc2ccc(=O)oc12,0,Holmer
Chikusetsusaponin Ia,CC(C)=CCCC(C)(O)C1CCC2(C)C1C(O)CC1C3(C)CCC(OC4OC(COC5OCC(O)C(O)C5O)C(O)C(O)C4O)C(C)(C)C3CCC12C,0,Holmer
Dehydrogenated ticlopidine,Clc1ccccc1CN1C=Cc2sccc2C1,0,DrugBank
Dihydrokawain,COC1=CC(=O)OC(CCc2ccccc2)C1,0,Holmer
Murocholic acid,CC(CCC(=O)O)C1CCC2C3CC(O)C4CC(O)CCC4(C)C3CCC12C,0,Holmer
Phloretin xylosyl-galactoside,O=C(CCc1ccc(O)cc1)c1c(O)cc(O)cc1OC1OC(CO)C(O)C(O)C1OC1OC(CO)C(O)C1O,0,Holmer
Phytenal,CC(=CC=O)CCCC(C)CCCC(C)CCCC(C)C,0,Holmer
Pregnane,CCC1CCC2C3CCC4CCCCC4(C)C3CCC12C,0,Holmer
SM(d18:1/23:0),CCCCCCCCCCCCCC=CC(O)C(COP(=O)([O-])OCC[N+](C)(C)C)NC(=O)CCCCCCCCCCCCCCCCCCCCCC,0,Holmer
_(2s_3r_4s_5r_6s)_4_5_dihydroxy_2_methyl_6__(2s_3s_4r_5r_6s)_2_methyl_5__(2s)_2_methylbutanoyl_oxy_6___(1r_3s_5s_6r_7r_8r_20s_22r_24r_25r_26s)_7_25_26_trihydroxy_24_(hydroxymethyl)_5_methyl_10_oxo_20_pentyl_2_4_9_21_23_pentaoxatricyclo_20.4.0.03_8_hexacosan_6_yl_oxy__4__(2s_3r_4r_5r_6s)_3_4_5_trihydroxy_6_methyloxan_2_yl_oxyoxan_3_yl_oxyoxan_3_yl__dodecanoate,CCCCCCCCCCCC(=O)OC1C(C)OC(OC2C(C)OC(OC3C(C)OC4OC5C(OC(CCCCC)CCCCCCCCCC(=O)OC4C3O)OC(CO)C(O)C5O)C(OC(=O)C(C)CC)C2OC2OC(C)C(O)C(O)C2O)C(O)C1O,0,Holmer
ac1l19re,C=C1C(C)=Nc2c([nH]c(=O)[nH]c2=O)N1CC(O)C(O)C(O)CO,0,Holmer
ac1l1row,CC(=O)OC(C)(C)C=CC(=O)C(C)(O)C1C(O)CC2(C)C3CC=C4C(CC(=O)C(O)C4(C)C)C3(C)C(=O)CC12C,0,Holmer
ac1l4jln,CC1(C)CC(O)C2(C)CCC3(C)C(=CCC4C5(C)CCC(OC6OC(C(=O)O)C(O)C(O)C6OC6OC(CO)C(O)C(O)C6O)C(C)(C)C5CCC43C)C2C1,0,Holmer
ac1l99sy,CC12CCC(O)CC1=CCC1C2C(O)CC2(C)C1CCC2(O)C(=O)CO,0,Holmer
ac1lgy0l,O=c1[nH]c(CC(O)O)c(O)nc1Cc1ccccc1,0,Holmer
ac1nszcj,CC1C2C3CCC4C5(C)CCC(=O)C(C)(C)C5CCC4(C)C3(C)CCC2(C)CCC1(C)O,0,Holmer
ac1odw6g,CCC(C)C(N)C(=O)NC(CCCN=C(N)N)C(=O)O,0,Holmer
aceclofenac,O=C(O)COC(=O)Cc1ccccc1Nc1c(Cl)cccc1Cl,0,Holmer
acetaldehyde,CC=O,0,Yamashita
acetamidopropanal,CC(=O)NCCC=O,0,Holmer
acetanilide,CC(=O)Nc1ccccc1,0,Yamashita
acetol,CC(=O)CO,0,Holmer
acetylcarnosine,CC(=O)NCCC(=O)NC(Cc1c[nH]cn1)C(=O)O,0,Holmer
acetylcysteine,CC(=O)NC(CS)C(=O)O,0,Holmer
acrylonitrile,C=CC#N,0,Yamashita
akba,CC(=O)OC1CCC2(C)C(CCC3(C)C2C(=O)C=C2C4C(C)C(C)CCC4(C)CCC23C)C1(C)C(=O)O,0,Holmer
alachlor,CCc1cccc(CC)c1N(COC)C(=O)CCl,0,Yamashita
aldosterone_18_glucuronide,CC12CCC(=O)C=C1CCC1C2C2CC3(C(OC4OC(C(=O)O)C(O)C(O)C4O)O2)C(C(=O)CO)CCC13,0,Holmer
alfentanil,CCC(=O)N(c1ccccc1)C1(COC)CCN(CCn2nnn(CC)c2=O)CC1,0,Yamashita
alpha_l_rhamnose,CC1OC(O)C(O)C(O)C1O,0,Holmer
alpha_linolenoyl_ethanolamide,CCC=CCC=CCC=CCCCCCCCC(=O)NCCO,0,Holmer
alpha_santalol_acetate,CC(=O)OCC(C)=CCCC1(C)C2CC3C(C2)C31C,0,Holmer
alpha_viniferin,Oc1ccc(C2Oc3cc(O)cc4c3C2c2cc(O)cc3c2C(c2cc(O)cc5c2C4C(c2ccc(O)cc2)O5)C(c2ccc(O)cc2)O3)cc1,0,Holmer
aniline,Nc1ccccc1,0,Yamashita
artelinic_acid,CC1CCC2C(C)C(OCc3ccc(C(=O)O)cc3)OC3OC4(C)CCC1C32OO4,0,Holmer
atorvastatin,CC(C)c1c(C(=O)Nc2ccccc2)c(-c2ccccc2)c(-c2ccc(F)cc2)n1CCC(O)CC(O)CC(=O)O,0,DrugBank
aurochrome,CC(C=CC=C(C)C1C=C2C(C)(C)CCCC2(C)O1)=CC=CC=C(C)C=CC=C(C)C1C=C2C(C)(C)CCCC2(C)O1,0,Holmer
batatasin_iii,COc1cc(O)cc(CCc2cccc(O)c2)c1,0,Holmer
benzo_a_pyrene_7_8_diol,Oc1ccc2c(cc3ccc4cccc5ccc2c3c45)c1O,0,Holmer
benzoyl_glucuronide_(benzoic_acid),O=C(OC1OC(C(=O)O)C(O)C(O)C1O)c1ccccc1,0,Holmer
benzphetamine,CC(Cc1ccccc1)N(C)Cc1ccccc1,0,Yamashita
beta_arteether,CCOC1OC2OC3(C)CCCC4C(C)CCC(C1C)C24OO3,0,Holmer
beta_d_galp_(1_>3)_beta_d_glcpnac_(1_>3)_beta_d_galp_(1_>4)_beta_d_glcp,CC(=O)NC1C(OC2C(O)C(CO)OC(OC3C(CO)OC(O)C(O)C3O)C2O)OC(CO)C(O)C1OC1OC(CO)C(O)C(O)C1O,0,Holmer
beta_gal(1_>4)_beta_glcnac(1_>3)_beta_gal(1_>4)_beta_glcnac(1_>6)_beta_gal(1_>4)glc,CC(=O)NC1C(OC2C(O)C(CO)OC(OC(C(=O)C(O)CO)C(O)CO)C2O)OC(CO)C(OC2OC(CO)C(O)C(OC3OC(CO)C(O)C(OC4OC(C(O)CO)C(O)C4O)C3NC(C)=O)C2O)C1O,0,Holmer
beta_tocopherol_skeleton,Cc1cc(O)c(C)c2c1OC(C)(CCCC(C)CCCC(C)CCCC(C)C)CC2,0,Holmer
blennin_b,CC1Cc2c(O)oc(O)c2C(=O)C2CC(C)(C)CC12,0,Holmer
bosentan,COc1ccccc1Oc1c(NS(=O)(=O)c2ccc(C(C)(C)C)cc2)nc(-c2ncccn2)nc1OCCO,0,Yamashita
bropirimine,Nc1nc(-c2ccccc2)c(Br)c(=O)[nH]1,0,Holmer
brotizolam,Cc1nnc2n1-c1sc(Br)cc1C(c1ccccc1Cl)=NC2,0,Yamashita
budesonide,CCCC1OC2CC3C4CC=C5CC(=O)C=CC5(C)C4C(O)CC3(C)C2(C(=O)CO)O1,0,DrugBank
buprenorphine,COC12CCC3(CC1C(C)(O)C(C)(C)C)C1Cc4ccc(O)c5c4C3(CCN1CC1CC1)C2O5,0,DrugBank
butachlor,CCCCOCN(C(=O)CCl)c1c(CC)cccc1CC,0,Holmer
butanoic_acid_(alphas)_alpha_methylphenethyl_ester,CCCC(=O)OC(C)Cc1ccccc1,0,Holmer
camelliol_c,CC(C)=CCCC(C)=CCCC(C)=CCCC=C(C)CCC1C(C)=CCC(O)C1(C)C,0,Holmer
caproylcholine,CCCCCC(=O)OCC[N+](C)(C)C,0,Holmer
ceftizoxime,CON=C(C(=O)NC1C(=O)N2C(C(=O)O)=CCSC12)c1csc(N)n1,0,Holmer
ceramide_(d18:1/16:0),CCCCCCCCCCCCCC=CC(O)C(CO)NC(=O)CCCCCCCCCCCCCCC,0,Holmer
chembl2074937,NC(=O)CCC(NC(=O)C(N)Cc1ccccc1)C(=O)O,0,Holmer
chembl3770775,CC1OC(OC2C(O)C(C(=O)O)OC(OC3CCC4(C)C(CCC5(C)C4CC=C4C6CC(C)(C)CCC6(C(=O)OC6OC(C)C(O)C(O)C6OC6OC(C)C(OC7OCC(O)C(O)C7O)C(OC7OC(CO)C(O)C(OC8OCC(O)C(O)C8O)C7O)C6O)CCC45C)C3(C)C=O)C2OC2OC(CO)C(O)C(O)C2O)C(O)C(O)C1O,0,Holmer
cis-3 and trans-2-Hexenyl propionate,Oc1ccc(C2Oc3cc(O)cc(O)c3C(O)C2O)cc1,0,Holmer
cis_vitispirane,C=C1C=CCC(C)(C)C12CCC(C)O2,0,Holmer
cisapride,COc1cc(N)c(Cl)cc1C(=O)NC1CCN(CCCOc2ccc(F)cc2)CC1OC,0,DrugBank
citpressine_ii,COc1cc(O)c2c(=O)c3ccc(OC)c(OC)c3n(C)c2c1,0,Holmer
corilagin,O=C(OC1OC2COC(=O)c3cc(O)c(O)c(O)c3-c3c(cc(O)c(O)c3O)C(=O)OC(C2O)C1O)c1cc(O)c(O)c(O)c1,0,Holmer
cp_195543,O=C(O)c1ccc(C(F)(F)F)cc1-c1ccc2c(c1)OCC(Cc1ccccc1)C2O,0,Holmer
cyclocalopin_b,CC(=O)OC1C(C)=CCC2(C1OC(C)=O)C1C(C)COC(=O)C1OC2(C)O,0,Holmer
d_fructose_2_6_bisphosphate,O=[PH](=O)(O)OCC1OC(CO)(O[PH](=O)(=O)O)C(O)C1O,0,Holmer
d_leu_gly,CC(C)CC(N)C(=O)NCC(=O)O,0,Holmer
d_myo_inositol_4_phosphate,O=[PH](=O)(O)OC1C(O)C(O)C(O)C(O)C1O,0,Holmer
d_xylitol,OCC(O)C(O)C(O)CO,0,Holmer
ddb,COC(=O)c1cc(OC)c2c(c1-c1c(C(=O)OC)cc(OC)c3c1OCO3)OCO2,0,Holmer
deacetyldiltiazem,COc1ccc(C2Sc3ccccc3N(CCN(C)C)C(=O)C2O)cc1,0,DrugBank
delphinidin_3_(6primeprime_malonylglucoside),O=C(O)CC(=O)OCC1OC(Oc2cc3c(O)cc(O)cc3[o+]c2-c2cc(O)c(O)c(O)c2)C(O)C(O)C1O,0,Holmer
deramciclane,CN(C)CCOC1(c2ccccc2)CC2CCC1(C)C2(C)C,0,Yamashita
dhea,CC12CCC3C(CC=C4CC(O)CCC43C)C1CCC2=O,0,Holmer
dichloromethane,ClCCl,0,Yamashita
dihydrozeatin,CC(CO)CCNc1ncnc2[nH]cnc12,0,Holmer
docetaxel,CC(=O)OC12COC1CC(O)C1(C)C(=O)C(=O)C3C(C)C(OC(=O)C(O)C(NC(=O)OC(C)(C)C)c4ccccc4)CC(O)(C(OC(=O)c4ccccc4)C21)C3(C)C,0,Yamashita
ecabapide,CNC(=O)c1cccc(NCC(=O)NCCc2ccc(OC)c(OC)c2)c1,0,Holmer
efavirenz,O=C1Nc2ccc(Cl)cc2C(C#CC2CC2)(C(F)(F)F)O1,0,DrugBank
ethane_1_1_dithiol,CC(S)S,0,Holmer
ethiprole,CC[S+]([O-])c1c(C#N)nn(-c2c(Cl)cc(C(F)(F)F)cc2Cl)c1N,0,Holmer
ethyl_(e)_3_hexenoate,CCC=CCC(=O)OCC,0,Holmer
ethyl_maltol,CCc1occc(=O)c1O,0,Holmer
etoperidone,CCc1nn(CCCN2CCN(c3cccc(Cl)c3)CC2)c(=O)n1CC,0,DrugBank
fipronil,N#Cc1nn(-c2c(Cl)cc(C(F)(F)F)cc2Cl)c(N)c1[S+]([O-])C(F)(F)F,0,Yamashita
flurbiprofen,CC(C(=O)O)c1ccc(-c2ccccc2)c(F)c1,0,Yamashita
fukinone,CC(C)=C1CC2(C)C(C)CCCC2CC1=O,0,Holmer
galabiosylceramide_(d18:1/24:1(15z)),CCCCCCCCC=CCCCCCCCCCCCCCC(=O)NC(COC1OC(CO)C(OC2OC(CO)C(O)C(O)C2O)C(O)C1O)C(O)C=CCCCCCCCCCCCCC,0,Holmer
gamma-Glutamylcysteine,NC(CCC(=O)NC(CS)C(=O)O)C(=O)O,0,Holmer
gamma_cadinene,C=C1CCC(C(C)C)C2C=C(C)CCC12,0,Holmer
gamma_camphorene,C=C(CCC=C(C)C)C1CCC=C(CCC=C(C)C)C1,0,Holmer
ganglioside_gt3_(d18:1/18:1(11z)),CCCCCCC=CCCCCCCCCCC(=O)NC(COC1OC(CO)C(OC2OC(CO)C(O)C(OC3(C(=O)O)CC(O)C(NC(C)=O)C(C(O)C(CO)OC4(C(=O)O)CC(O)C(NC(C)=O)C(C(O)C(CO)OC5(C(=O)O)CC(O)C(NC(C)=O)C(C(O)C(O)CO)O5)O4)O3)C2O)C(O)C1O)C(O)C=CCCCCCCCCCCCCC,0,Holmer
geranyl_valerate,CCCCC(=O)OCC=C(C)CCC=C(C)C,0,Holmer
gibberellin_a92,C=C1CC23CC1(O)CCC2C12OC(=O)C(C)(C=CC1O)C2C3C(=O)O,0,Holmer
gibberellin_a97,C=C1CC23CC1(O)CCC2C1(C)CC(O)CC(C)(C(=O)O)C1C3C(=O)O,0,Holmer
gigantetronenin,CCCCCCCCCCCCC=CCCC(O)C(O)CCC(O)C1CCC(CCCCCC(O)Cc2cc(C)oc2O)O1,0,Holmer
gln_gln,NC(=O)CCC(N)C(=O)NC(CCC(N)=O)C(=O)O,0,Holmer
glutamyllysine,NCCCCC(NC(=O)C(N)CCC(=O)O)C(=O)O,0,Holmer
glycinoprenol_9,CC(=CCO)CCC=C(C)CCC=C(C)CCC=C(C)CCC=C(C)CCC=C(C)CCCC(C)CCCC(C)CCCC(C)C,0,Holmer
glycyl_l_phenylalanine,NCC(=O)NC(Cc1ccccc1)C(=O)O,0,Holmer
guanidine,N=C(N)N,0,Holmer
h_his_phe_oh,NC(Cc1c[nH]cn1)C(=O)NC(Cc1ccccc1)C(=O)O,0,Holmer
hypoglycine_b,CC1=C(CC(NC(=O)CCC(N)C(=O)O)C(=O)O)C1,0,Holmer
indoxyl_glucuronide,O=C(O)C1OC(Oc2c[nH]c3ccccc23)C(O)C(O)C1O,0,Holmer
isocycloheterophyllin,CC(C)=CCc1c2c(c3oc4c(c(=O)c3c1O)CC(=C(C)C)Oc1cc(O)c(O)cc1-4)C=CC(C)(C)O2,0,Holmer
isomalt,OCC(O)C(O)C(O)C(O)COC1OC(CO)C(O)C(O)C1O,0,Holmer
kanzonol_y,CC(C)=CCc1cc(CC(=O)C(O)c2cc(CC=C(C)C)c(O)cc2O)ccc1O,0,Holmer
kr_33028,N#Cc1cccc2sc(C(=O)N=C(N)N)cc12,0,Holmer
kuwanon_a,CC(C)=CCc1c(-c2ccc(O)c3c2OC(C)(C)C=C3)oc2cc(O)cc(O)c2c1=O,0,Holmer
l_canaline,NOCCC(N)C(=O)O,0,Holmer
l_leucyl_l_lysine,CC(C)CC(N)C(=O)NC(CCCCN)C(=O)O,0,Holmer
lactapiperanol_d,COC1OCC2(O)C(OC(C)=O)C3CC(C)(C)CC3C3(C)CC132,0,Holmer
laquinimod,CCN(C(=O)c1c(O)c2c(Cl)cccc2n(C)c1=O)c1ccccc1,0,Yamashita
lathosterol,CC(C)CCCC(C)C1CCC2C3=CCC4CC(O)CCC4(C)C3CCC21C,0,Holmer
leontogenin,CC1CCC2(OC1)OC1CC3C4C(CCC3(C)C1C2C)C1(C)CCC(O)CC1(O)C4C=O,0,Holmer
liquid_thiophthene,c1cc2ccsc2s1,0,Holmer
lithocholate_3_o_glucuronide,CC(CCC(=O)O)C1CCC2C3CCC4CC(OC5OC(C(=O)O)C(O)C(O)C5O)CCC4(C)C3CCC12C,0,Holmer
losartan,CCCCc1nc(Cl)c(CO)n1Cc1ccc(-c2ccccc2-c2nn[nH]n2)cc1,0,Yamashita
m_trigallic_acid,O=C(O)c1cc(O)c(O)c(OC(=O)c2cc(O)c(O)c(OC(=O)c3cc(O)c(O)c(O)c3)c2)c1,0,Holmer
maclurin_3_c_(6primeprime_p_hydroxybenzoyl_glucoside),O=C(OCC1OC(c2c(O)cc(O)c(C(=O)c3ccc(O)c(O)c3)c2O)C(O)C(O)C1O)c1ccc(O)cc1,0,Holmer
macrocarpal_e,CC(C)CC(c1c(O)c(C=O)c(O)c(C=O)c1O)C1CCC(C)C2=CC(C(C)(C)O)CCC21C,0,Holmer
maleic_acid_homopolymer,CC(C(=O)O)=C(C)C(=O)O,0,Holmer
mammea_b/ba,CCCc1cc(=O)oc2c(C(=O)CC(C)C)c(O)c(CC=C(C)C)c(O)c12,0,Holmer
mannosyl_diinositol_phosphorylceramide,CCCCCCCCCCCCCCCCCCCCCCCCC(=O)C(O)NC(CO[PH](=O)(=O)OC1C(O)C(O)C(OC2OC(CO)C(O[PH](=O)(=O)OC3C(O)C(O)C(O)C(O)C3O)C(O)C2O)C(O)C1O)C(O)C(O)CCCCCCCCCCCCCC,0,Holmer
meiqx,Cc1cnc2ccc3c(nc(N)n3C)c2n1,0,Holmer
mephobarbital,CCC1(c2ccccc2)C(=O)NC(=O)N(C)C1=O,0,Yamashita
meso_erythritol,OCC(O)C(O)CO,0,Holmer
methoxychlor_bis_oh,Oc1ccc(C(c2ccc(O)cc2)C(Cl)(Cl)Cl)cc1,0,Holmer
methyl_(1r_2r_4as_6as_6br_10s_12ar_14bs)_1_hydroxy_1_2_6a_6b_9_9_12a_heptamethyl_10_{_(2s_3r_4s_5s)_3_4_5_trihydroxyoxan_2_yl_oxy}_1_2_3_4_4a_5_6_6a_6b_7_8_8a_9_10_11_12_12a_12b_13_14b_icosahydropicene_4a_carboxylate,COC(=O)C12CCC(C)C(C)(O)C1C1=CCC3C4(C)CCC(OC5OCC(O)C(O)C5O)C(C)(C)C4CCC3(C)C1(C)CC2,0,Holmer
methyl_(9z)_8prime_oxo_6_8prime_diapo_6_carotenoate,COC(=O)C=CC(C)=CC=CC(C)=CC=CC=C(C)C=CC=C(C)C=O,0,Holmer
methyl_propyl_trisulfide,CCCSSSC,0,Holmer
methylformamide,CNC=O,0,Holmer
mexazolam,CC1COC2(c3ccccc3Cl)c3cc(Cl)ccc3NC(=O)CN12,0,Holmer
monoisobutyl_phthalic_acid,CC(C)COC(=O)c1ccccc1C(=O)O,0,Holmer
muricatalicin,CCCCCCCCCCCCC(O)C1CCC(C(O)CC(O)CCCCCC(O)CCC(O)Cc2cc(C)oc2O)O1,0,Holmer
myristicin,C=CCc1cc(OC)c2c(c1)OCO2,0,Yamashita
n4_acetylaminobutanal,CC(=O)NCCCC=O,0,Holmer
n6_n6_n6_trimethyl_l_lysine,C[N+](C)(C)CCCCC(N)C(=O)[O-],0,Holmer
n_ac_ffvc,CC(=O)NC(CSC(F)=C(OCF)C(F)F)C(=O)O,0,Holmer
n_formyl_l_methionine,CSCCC(NC=O)C(=O)O,0,Holmer
n_isobutyl_2_4_8_10_12_tetradecapentaenamide,CC=CC=CC=CCC=CC=CCC(=O)NCC(C)C,0,Holmer
n_ribosylhistidine,NC(Cc1cn(C2OC(CO)C(O)C2O)cn1)C(=O)O,0,Holmer
neuacalpha2_8neuacalpha2_3galbeta1_4glcbeta_cer(d18:1/16:0),CCCCCCCCCCCCCC=CC(O)C(COC1OC(CO)C(OC2OC(CO)C(O)C(OC3(C(=O)O)CC(O)C(NC(C)=O)C(C(O)C(CO)OC4(C(=O)O)CC(O)C(NC(C)=O)C(C(O)C(CO)OC5(C(=O)O)CC(O)C(NC(C)=O)C(C(O)C(O)CO)O5)O4)O3)C2O)C(O)C1O)NC(=O)CCCCCCCCCCCCCCC,0,Holmer
niazinin,COC(=S)NCc1ccc(OC2OC(C)C(O)C(O)C2O)cc1,0,Holmer
nn_diethylformamide,CCN(C=O)CC,0,Holmer
norecasantalal,CC1(CC=O)C2CC3C(C2)C31C,0,Holmer
norhydromorphone,O=C1CCC2C3Cc4ccc(O)c5c4C2(CCN3)C1O5,0,Holmer
o6_benzylguanine,Nc1nc(OCc2ccccc2)c2[nH]cnc2n1,0,Holmer
octyl_butanoate,CCCCCCCCOC(=O)CCC,0,Holmer
p_xylene,Cc1ccc(C)cc1,0,Holmer
phaseoluside_a,CC1(C)CC(O)C2(C)CCC3(C)C(=CCC4C5(C)CCC(OC6OC(CO)C(OC7OC(CO)C(O)C(O)C7O)C(OC7OC(CO)C(O)C(O)C7O)C6O)C(C)(CO)C5CCC43C)C2C1,0,Holmer
phenanthrene,c1ccc2c(c1)ccc1ccccc12,0,Yamashita
phenprocoumon,CCC(c1ccccc1)c1c(O)c2ccccc2oc1=O,0,Yamashita
phomopsin_a,C=C(C)C1NC(=O)C(NC)C(O)c2cc(Cl)c(O)c(c2)OC(C)(CC)C(C(=O)N2CC=CC2C(=O)N=C(C(=O)NC(=CC(=O)O)C(=O)O)C(C)CC)NC1=O,0,Holmer
phosphoric_acid,O=[PH](=O)(O)O,0,Holmer
pioglitazone,CCc1ccc(CCOc2ccc(Cc3sc(=O)[nH]c3O)cc2)nc1,0,Yamashita
portulacaxanthin_ii,O=C(O)c1cc(CC=NC(Cc2ccc(O)cc2)C(=O)O)cc(C(O)O)n1,0,Holmer
prenyl_benzoate,CC(C)=CCOC(=O)c1ccccc1,0,Holmer
pro_phe,O=C(O)C(Cc1ccccc1)NC(=O)C1CCCN1,0,Holmer
pseudouridine,O=c1[nH]cc(C2OC(CO)C(O)C2O)c(=O)[nH]1,0,Holmer
psilocin,CN(C)CCc1c[nH]c2cccc(O)c12,0,Holmer
psoralen,O=c1ccc2cc3ccoc3cc2o1,0,Holmer
purine,c1ncc2[nH]cnc2n1,0,Holmer
py74,COc1cc([N+](=O)[O-])ccc1NN=C(C(C)=O)C(=O)Nc1ccccc1OC,0,Holmer
quinacrine,CCN(CC)CCCC(C)Nc1c2ccc(Cl)cc2nc2ccc(OC)cc12,0,Holmer
repaglinide,CCOc1cc(CC(=O)NC(CC(C)C)c2ccccc2N2CCCCC2)ccc1C(=O)O,0,Yamashita
rhp+,OC(CCC[n+]1ccc(-c2ccc(Cl)cc2)cc1)c1ccc(F)cc1,0,Holmer
ribose_1_5_bisphosphate,O=[PH](=O)(O)OCC1OC(O[PH](=O)(=O)O)C(O)C1O,0,Holmer
rosmaridiphenol,CC(C)c1cc2c(c(O)c1O)C(=O)C1CCCC(C)(C)C1CC2,0,Holmer
s_methyl_propanethioate,CCC(=O)SC,0,Holmer
salicylate,O=C(O)c1ccccc1O,0,Holmer
santalene_(minor),C=C1C2CCC(C2)C1(C)CCC=C(C)C,0,Holmer
sarmentoside_c,CC1OC(OC2CCC3(C=O)C4C(O)CC5(C)C(c6coc(O)c6)CCC5(O)C4CCC3(O)C2)C(O)C(O)C1O,0,Holmer
schembl13829948,C=CCCCCC(C)O,0,Holmer
schembl18439905,CC1C(O)CC2(C)C(O)CC3(C)C(=CCC4C5(C)CCC(O)C(C)(C)C5CCC43C)C2C1C,0,Holmer
schembl18963491,CCC(=O)OCC1CCCO1,0,Holmer
schembl2832271,CC(C=CC=C(C)C=CC=C(C)CCC1OC1(C)C)=CC=CC=C(C)C=CC=C(C)C=CC1=C(C)CCCC1(C)C,0,Holmer
schembl9438541,CC1OC(O[PH](=O)(=O)O[PH](=O)(=O)OCC2OC(n3cnc4c(=O)[nH]c(N)nc43)C(O)C2O)C(O)C(O)C1O,0,Holmer
senecionine,CC=C1CC(C)C(C)(O)C(=O)OCC2=CCN3CCC(OC1=O)C23,0,Holmer
serylarginine,N=C(N)NCCCC(NC(=O)C(N)CO)C(=O)O,0,Holmer
simonin_iv,CCCCCCCCCCCC(=O)OC1C(C)OC(OC2C(C)OC(OC3C(C)OC4OC5C(OC(CCCCC)CCCCCCCCCC(=O)OC4C3O)OC(C)C(O)C5O)C(OC(=O)CCCCCCCCC)C2OC2OC(C)C(O)C(O)C2O)C(O)C1O,0,Holmer
sm(d17:1/24:0),CCCCCCCCCCCCC=CC(O)C(CO[PH](=O)(=O)OCC[N+](C)(C)C)NC(=O)CCCCCCCCCCCCCCCCCCCCCCC,0,Holmer
spinacine,O=C(O)C1Cc2[nH]cnc2CN1,0,Holmer
spirotaccagenin,CC1C2C(CC3C4CC=C5CC(O)CCC5(C)C4CCC32C)OC12CCC(O)(CO)CO2,0,Holmer
sr_49498,CCCCC(=O)NC1(C(=O)NCc2ccc(-c3ccccc3-c3nn[nH]n3)cc2)CCCC1,0,Holmer
steviol,C=C1CC23CCC4C(C)(C(=O)O)CCCC4(C)C2CCC1(O)C3,0,Holmer
superoxide_anion,OO,0,Holmer
suprofen,CC(C(=O)O)c1ccc(C(=O)c2cccs2)cc1,0,Holmer
taxol,CC(=O)OC1=C2C(C)C(OC(=O)C(O)C(NC(=O)c3ccccc3)c3ccccc3)CC(O)(C(OC(=O)c3ccccc3)C3C4(OC(C)=O)COC4CC(O)C3(C)C1=O)C2(C)C,0,Holmer
terbinafine,CN(CC=CC#CC(C)(C)C)Cc1cccc2ccccc12,0,DrugBank
thelephoric_acid,O=C1C=c2oc3c(O)c4c(oc5cc(O)c(O)cc54)c(O)c3c2=CC1=O,0,Holmer
toluene,Cc1ccccc1,0,Yamashita
tr_14035,COc1cccc(OC)c1-c1ccc(CC(NC(=O)c2c(Cl)cccc2Cl)C(=O)O)cc1,0,Holmer
trans_trans_octa_2_4_dienoyl_coa(4_),CCC=CC=CCC(=O)SCCNC(=O)CCNC(=O)C(O)C(C)(C)CO[PH](=O)(=O)O[PH](=O)(=O)OCC1OC(n2cnc3c(N)ncnc32)C(O)C1O[PH](=O)(=O)O,0,Holmer
triacontanal,CCCCCCCCCCCCCCCCCCCCCCCCCCCCCC=O,0,Holmer
trigoneoside_xiib,CC(CCC1(O)OC2CC3C4CCC5=CC(OC6OC(CO)C(O)C(O)C6OC6OC(C)C(O)C(O)C6O)CCC5(C)C4CCC3(C)C2C1C)COC1OC(CO)C(O)C(O)C1O,0,Holmer
trofosfamide,O=P1(N(CCCl)CCCl)OCCCN1CCCl,0,Yamashita
tyr_ile,CCC(C)C(NC(=O)C(N)Cc1ccc(O)cc1)C(=O)O,0,Holmer
tyramine_o_sulfate,NCCc1ccc(OS(=O)(=O)O)cc1,0,Holmer
vanilpyruvic_acid,COc1cc(CC(=O)C(=O)O)ccc1O,0,Holmer
veranisatin_a,COCC1(O)C2CC3(C(=O)C(O)O2)C(C)CCC3(O)C12COC2=O,0,Holmer
vitamin_d2,C=C1CCC(O)CC1=CC=C1CCCC2(C)C1CCC2C(C)C=CC(C)C(C)C,0,Holmer
zinc2572145,CC1(O)CC2CCC1(C)C2(C)C,0,Holmer