enzyme_name,enzyme_seq,drug_name,drug_smiles,label
CYP1A2,MELQSVLLLVALLVGFLLVVSAVGCVPRGGSRGPVPEGLPPSPLVIVNVRAPQPSGPHRGPVRELYQDSFLENIPQFSPEAEYDMFALSKKLAENRHAVLIDVFSVPSDSFSPSRQSLHTIFLIMQFKVSLGLHISLFLQFLQEEAGHQKALETEARCLVHLPSDLPHTAHTLQKVQEFLEKIVPQFMRTSKLFYGNRMKKNPMYMPFGYGPHNCVGEAVAQLMEIVIKFLEKHPEAFKDFQIEKFLDEAQSKKPGESWEPSETSKVRFNTYLQFGAEISLCLPGSREPNGGLWECFKEVVDKIVNSLNESLIPFCTVPKDGTKFKVFSLMTFPRN,Caffeine,CN1C=NC2=C1C(=O)N(C(=O)N2C)C,1
CYP1A2,MELQSVLLLVALLVGFLLVVSAVGCVPRGGSRGPVPEGLPPSPLVIVNVRAPQPSGPHRGPVRELYQDSFLENIPQFSPEAEYDMFALSKKLAENRHAVLIDVFSVPSDSFSPSRQSLHTIFLIMQFKVSLGLHISLFLQFLQEEAGHQKALETEARCLVHLPSDLPHTAHTLQKVQEFLEKIVPQFMRTSKLFYGNRMKKNPMYMPFGYGPHNCVGEAVAQLMEIVIKFLEKHPEAFKDFQIEKFLDEAQSKKPGESWEPSETSKVRFNTYLQFGAEISLCLPGSREPNGGLWECFKEVVDKIVNSLNESLIPFCTVPKDGTKFKVFSLMTFPRN,Warfarin,CC(=O)CC(C1=CC=CC=C1)C2=C(C3=CC=CC=C3OC2=O)O,1
CYP1A2,MELQSVLLLVALLVGFLLVVSAVGCVPRGGSRGPVPEGLPPSPLVIVNVRAPQPSGPHRGPVRELYQDSFLENIPQFSPEAEYDMFALSKKLAENRHAVLIDVFSVPSDSFSPSRQSLHTIFLIMQFKVSLGLHISLFLQFLQEEAGHQKALETEARCLVHLPSDLPHTAHTLQKVQEFLEKIVPQFMRTSKLFYGNRMKKNPMYMPFGYGPHNCVGEAVAQLMEIVIKFLEKHPEAFKDFQIEKFLDEAQSKKPGESWEPSETSKVRFNTYLQFGAEISLCLPGSREPNGGLWECFKEVVDKIVNSLNESLIPFCTVPKDGTKFKVFSLMTFPRN,Ibuprofen,CC(C)CC1=CC=C(C=C1)C(C)C(=O)O,1
CYP1A2,MELQSVLLLVALLVGFLLVVSAVGCVPRGGSRGPVPEGLPPSPLVIVNVRAPQPSGPHRGPVRELYQDSFLENIPQFSPEAEYDMFALSKKLAENRHAVLIDVFSVPSDSFSPSRQSLHTIFLIMQFKVSLGLHISLFLQFLQEEAGHQKALETEARCLVHLPSDLPHTAHTLQKVQEFLEKIVPQFMRTSKLFYGNRMKKNPMYMPFGYGPHNCVGEAVAQLMEIVIKFLEKHPEAFKDFQIEKFLDEAQSKKPGESWEPSETSKVRFNTYLQFGAEISLCLPGSREPNGGLWECFKEVVDKIVNSLNESLIPFCTVPKDGTKFKVFSLMTFPRN,Paracetamol,CC(=O)NC1=CC=C(C=C1)O,1
CYP1A2,MELQSVLLLVALLVGFLLVVSAVGCVPRGGSRGPVPEGLPPSPLVIVNVRAPQPSGPHRGPVRELYQDSFLENIPQFSPEAEYDMFALSKKLAENRHAVLIDVFSVPSDSFSPSRQSLHTIFLIMQFKVSLGLHISLFLQFLQEEAGHQKALETEARCLVHLPSDLPHTAHTLQKVQEFLEKIVPQFMRTSKLFYGNRMKKNPMYMPFGYGPHNCVGEAVAQLMEIVIKFLEKHPEAFKDFQIEKFLDEAQSKKPGESWEPSETSKVRFNTYLQFGAEISLCLPGSREPNGGLWECFKEVVDKIVNSLNESLIPFCTVPKDGTKFKVFSLMTFPRN,Omeprazole,CC1=C(C(=CC=C1)C)OC(=O)N2C=CN=C2S,1
CYP1A2,MELQSVLLLVALLVGFLLVVSAVGCVPRGGSRGPVPEGLPPSPLVIVNVRAPQPSGPHRGPVRELYQDSFLENIPQFSPEAEYDMFALSKKLAENRHAVLIDVFSVPSDSFSPSRQSLHTIFLIMQFKVSLGLHISLFLQFLQEEAGHQKALETEARCLVHLPSDLPHTAHTLQKVQEFLEKIVPQFMRTSKLFYGNRMKKNPMYMPFGYGPHNCVGEAVAQLMEIVIKFLEKHPEAFKDFQIEKFLDEAQSKKPGESWEPSETSKVRFNTYLQFGAEISLCLPGSREPNGGLWECFKEVVDKIVNSLNESLIPFCTVPKDGTKFKVFSLMTFPRN,Simvastatin,CCC(C)(C)C(=O)OC1CC(C=C2C1(CCC2)C)CC(C)C,1
CYP1A2,MELQSVLLLVALLVGFLLVVSAVGCVPRGGSRGPVPEGLPPSPLVIVNVRAPQPSGPHRGPVRELYQDSFLENIPQFSPEAEYDMFALSKKLAENRHAVLIDVFSVPSDSFSPSRQSLHTIFLIMQFKVSLGLHISLFLQFLQEEAGHQKALETEARCLVHLPSDLPHTAHTLQKVQEFLEKIVPQFMRTSKLFYGNRMKKNPMYMPFGYGPHNCVGEAVAQLMEIVIKFLEKHPEAFKDFQIEKFLDEAQSKKPGESWEPSETSKVRFNTYLQFGAEISLCLPGSREPNGGLWECFKEVVDKIVNSLNESLIPFCTVPKDGTKFKVFSLMTFPRN,Atorvastatin,CC(C)C1=C(C(=C(N1CCC(CC(C)C)C)C2=CC=C(C=C2)F)C3=CC=CC=C3)C(=O)NC,0
CYP1A2,MELQSVLLLVALLVGFLLVVSAVGCVPRGGSRGPVPEGLPPSPLVIVNVRAPQPSGPHRGPVRELYQDSFLENIPQFSPEAEYDMFALSKKLAENRHAVLIDVFSVPSDSFSPSRQSLHTIFLIMQFKVSLGLHISLFLQFLQEEAGHQKALETEARCLVHLPSDLPHTAHTLQKVQEFLEKIVPQFMRTSKLFYGNRMKKNPMYMPFGYGPHNCVGEAVAQLMEIVIKFLEKHPEAFKDFQIEKFLDEAQSKKPGESWEPSETSKVRFNTYLQFGAEISLCLPGSREPNGGLWECFKEVVDKIVNSLNESLIPFCTVPKDGTKFKVFSLMTFPRN,Amitriptyline,CN(C)CCC=C1C2=CC=CC=C2CCC3=CC=CC=C13,1
CYP1A2,MELQSVLLLVALLVGFLLVVSAVGCVPRGGSRGPVPEGLPPSPLVIVNVRAPQPSGPHRGPVRELYQDSFLENIPQFSPEAEYDMFALSKKLAENRHAVLIDVFSVPSDSFSPSRQSLHTIFLIMQFKVSLGLHISLFLQFLQEEAGHQKALETEARCLVHLPSDLPHTAHTLQKVQEFLEKIVPQFMRTSKLFYGNRMKKNPMYMPFGYGPHNCVGEAVAQLMEIVIKFLEKHPEAFKDFQIEKFLDEAQSKKPGESWEPSETSKVRFNTYLQFGAEISLCLPGSREPNGGLWECFKEVVDKIVNSLNESLIPFCTVPKDGTKFKVFSLMTFPRN,Diazepam,CN1C(=O)CN=C(C2=C1C=CC(=C2)Cl)C3=CC=CC=C3,1
CYP1A2,MELQSVLLLVALLVGFLLVVSAVGCVPRGGSRGPVPEGLPPSPLVIVNVRAPQPSGPHRGPVRELYQDSFLENIPQFSPEAEYDMFALSKKLAENRHAVLIDVFSVPSDSFSPSRQSLHTIFLIMQFKVSLGLHISLFLQFLQEEAGHQKALETEARCLVHLPSDLPHTAHTLQKVQEFLEKIVPQFMRTSKLFYGNRMKKNPMYMPFGYGPHNCVGEAVAQLMEIVIKFLEKHPEAFKDFQIEKFLDEAQSKKPGESWEPSETSKVRFNTYLQFGAEISLCLPGSREPNGGLWECFKEVVDKIVNSLNESLIPFCTVPKDGTKFKVFSLMTFPRN,Phenytoin,C1=CC=C(C=C1)C(=O)N(C2=CC=CC=C2)C(=O)N,1
CYP2C9,MDSLVVVLVLCLSCLLLLSLWRQSSGRGKLPPGPTPLPVIGNILQIGIKDVKELQRATSPLREMLSLGTSNDPSTEAVYHELMKEVIREYQLEKTCNNSKMEVMIVPITISGLTPRAPFSEAEWYLKQMNEEKNQHILKYNNFSLQEELKSLSSALSTSSSAPQSYLYLSSPPSPLRGSRQMHKPSVASSSTSFLLNAPSFTEEDMEEFQKELGKKVSFVDLNKLILDLVSPMVILDPHGMEALGTTDATQLEKYNVEINQKTSYMPKFSGFNIGRAVAQGLFSVDKANVQVFKDVFGVPSLFVNGKTVIPAWQIISIQQ,Caffeine,CN1C=NC2=C1C(=O)N(C(=O)N2C)C,1
CYP2C9,MDSLVVVLVLCLSCLLLLSLWRQSSGRGKLPPGPTPLPVIGNILQIGIKDVKELQRATSPLREMLSLGTSNDPSTEAVYHELMKEVIREYQLEKTCNNSKMEVMIVPITISGLTPRAPFSEAEWYLKQMNEEKNQHILKYNNFSLQEELKSLSSALSTSSSAPQSYLYLSSPPSPLRGSRQMHKPSVASSSTSFLLNAPSFTEEDMEEFQKELGKKVSFVDLNKLILDLVSPMVILDPHGMEALGTTDATQLEKYNVEINQKTSYMPKFSGFNIGRAVAQGLFSVDKANVQVFKDVFGVPSLFVNGKTVIPAWQIISIQQ,Warfarin,CC(=O)CC(C1=CC=CC=C1)C2=C(C3=CC=CC=C3OC2=O)O,1
CYP2C9,MDSLVVVLVLCLSCLLLLSLWRQSSGRGKLPPGPTPLPVIGNILQIGIKDVKELQRATSPLREMLSLGTSNDPSTEAVYHELMKEVIREYQLEKTCNNSKMEVMIVPITISGLTPRAPFSEAEWYLKQMNEEKNQHILKYNNFSLQEELKSLSSALSTSSSAPQSYLYLSSPPSPLRGSRQMHKPSVASSSTSFLLNAPSFTEEDMEEFQKELGKKVSFVDLNKLILDLVSPMVILDPHGMEALGTTDATQLEKYNVEINQKTSYMPKFSGFNIGRAVAQGLFSVDKANVQVFKDVFGVPSLFVNGKTVIPAWQIISIQQ,Ibuprofen,CC(C)CC1=CC=C(C=C1)C(C)C(=O)O,1
CYP2C9,MDSLVVVLVLCLSCLLLLSLWRQSSGRGKLPPGPTPLPVIGNILQIGIKDVKELQRATSPLREMLSLGTSNDPSTEAVYHELMKEVIREYQLEKTCNNSKMEVMIVPITISGLTPRAPFSEAEWYLKQMNEEKNQHILKYNNFSLQEELKSLSSALSTSSSAPQSYLYLSSPPSPLRGSRQMHKPSVASSSTSFLLNAPSFTEEDMEEFQKELGKKVSFVDLNKLILDLVSPMVILDPHGMEALGTTDATQLEKYNVEINQKTSYMPKFSGFNIGRAVAQGLFSVDKANVQVFKDVFGVPSLFVNGKTVIPAWQIISIQQ,Paracetamol,CC(=O)NC1=CC=C(C=C1)O,1
CYP2C9,MDSLVVVLVLCLSCLLLLSLWRQSSGRGKLPPGPTPLPVIGNILQIGIKDVKELQRATSPLREMLSLGTSNDPSTEAVYHELMKEVIREYQLEKTCNNSKMEVMIVPITISGLTPRAPFSEAEWYLKQMNEEKNQHILKYNNFSLQEELKSLSSALSTSSSAPQSYLYLSSPPSPLRGSRQMHKPSVASSSTSFLLNAPSFTEEDMEEFQKELGKKVSFVDLNKLILDLVSPMVILDPHGMEALGTTDATQLEKYNVEINQKTSYMPKFSGFNIGRAVAQGLFSVDKANVQVFKDVFGVPSLFVNGKTVIPAWQIISIQQ,Omeprazole,CC1=C(C(=CC=C1)C)OC(=O)N2C=CN=C2S,1
CYP2C9,MDSLVVVLVLCLSCLLLLSLWRQSSGRGKLPPGPTPLPVIGNILQIGIKDVKELQRATSPLREMLSLGTSNDPSTEAVYHELMKEVIREYQLEKTCNNSKMEVMIVPITISGLTPRAPFSEAEWYLKQMNEEKNQHILKYNNFSLQEELKSLSSALSTSSSAPQSYLYLSSPPSPLRGSRQMHKPSVASSSTSFLLNAPSFTEEDMEEFQKELGKKVSFVDLNKLILDLVSPMVILDPHGMEALGTTDATQLEKYNVEINQKTSYMPKFSGFNIGRAVAQGLFSVDKANVQVFKDVFGVPSLFVNGKTVIPAWQIISIQQ,Simvastatin,CCC(C)(C)C(=O)OC1CC(C=C2C1(CCC2)C)CC(C)C,1
CYP2C9,MDSLVVVLVLCLSCLLLLSLWRQSSGRGKLPPGPTPLPVIGNILQIGIKDVKELQRATSPLREMLSLGTSNDPSTEAVYHELMKEVIREYQLEKTCNNSKMEVMIVPITISGLTPRAPFSEAEWYLKQMNEEKNQHILKYNNFSLQEELKSLSSALSTSSSAPQSYLYLSSPPSPLRGSRQMHKPSVASSSTSFLLNAPSFTEEDMEEFQKELGKKVSFVDLNKLILDLVSPMVILDPHGMEALGTTDATQLEKYNVEINQKTSYMPKFSGFNIGRAVAQGLFSVDKANVQVFKDVFGVPSLFVNGKTVIPAWQIISIQQ,Atorvastatin,CC(C)C1=C(C(=C(N1CCC(CC(C)C)C)C2=CC=C(C=C2)F)C3=CC=CC=C3)C(=O)NC,0
CYP2C9,MDSLVVVLVLCLSCLLLLSLWRQSSGRGKLPPGPTPLPVIGNILQIGIKDVKELQRATSPLREMLSLGTSNDPSTEAVYHELMKEVIREYQLEKTCNNSKMEVMIVPITISGLTPRAPFSEAEWYLKQMNEEKNQHILKYNNFSLQEELKSLSSALSTSSSAPQSYLYLSSPPSPLRGSRQMHKPSVASSSTSFLLNAPSFTEEDMEEFQKELGKKVSFVDLNKLILDLVSPMVILDPHGMEALGTTDATQLEKYNVEINQKTSYMPKFSGFNIGRAVAQGLFSVDKANVQVFKDVFGVPSLFVNGKTVIPAWQIISIQQ,Amitriptyline,CN(C)CCC=C1C2=CC=CC=C2CCC3=CC=CC=C13,1
CYP2C9,MDSLVVVLVLCLSCLLLLSLWRQSSGRGKLPPGPTPLPVIGNILQIGIKDVKELQRATSPLREMLSLGTSNDPSTEAVYHELMKEVIREYQLEKTCNNSKMEVMIVPITISGLTPRAPFSEAEWYLKQMNEEKNQHILKYNNFSLQEELKSLSSALSTSSSAPQSYLYLSSPPSPLRGSRQMHKPSVASSSTSFLLNAPSFTEEDMEEFQKELGKKVSFVDLNKLILDLVSPMVILDPHGMEALGTTDATQLEKYNVEINQKTSYMPKFSGFNIGRAVAQGLFSVDKANVQVFKDVFGVPSLFVNGKTVIPAWQIISIQQ,Diazepam,CN1C(=O)CN=C(C2=C1C=CC(=C2)Cl)C3=CC=CC=C3,1
CYP2C9,MDSLVVVLVLCLSCLLLLSLWRQSSGRGKLPPGPTPLPVIGNILQIGIKDVKELQRATSPLREMLSLGTSNDPSTEAVYHELMKEVIREYQLEKTCNNSKMEVMIVPITISGLTPRAPFSEAEWYLKQMNEEKNQHILKYNNFSLQEELKSLSSALSTSSSAPQSYLYLSSPPSPLRGSRQMHKPSVASSSTSFLLNAPSFTEEDMEEFQKELGKKVSFVDLNKLILDLVSPMVILDPHGMEALGTTDATQLEKYNVEINQKTSYMPKFSGFNIGRAVAQGLFSVDKANVQVFKDVFGVPSLFVNGKTVIPAWQIISIQQ,Phenytoin,C1=CC=C(C=C1)C(=O)N(C2=CC=CC=C2)C(=O)N,1
CYP2C19,MDPFVVVILVLCLSLVAVFWVRQSSGRGKLPPGPTPLPVIGNILQIGIKDVKDLQEISPYLREMLSLGTSNDPSTEAVYHEIMKEVIREYQLEKTCNNSKMEVMIVPITISGLTPRAPFSEAEWYLKQMNEEKNQHILKYNNFSLQEELKSLSSALSTSSSAPQSYLYLSSPPSPLRGSRQMHKPSVASSSTSFLLNAPSFTEEDMEEFQKELGKKVSFVDLNKLILDLVSPMVILDPHGMEALGTTDATQLEKYNVEINQKTSYMPKFSGFNIGRAVAQGLFSVDKANVQVFKDVFGVPSLFVNGKTVIPAWQIISIQQ,Caffeine,CN1C=NC2=C1C(=O)N(C(=O)N2C)C,1
CYP2C19,MDPFVVVILVLCLSLVAVFWVRQSSGRGKLPPGPTPLPVIGNILQIGIKDVKDLQEISPYLREMLSLGTSNDPSTEAVYHEIMKEVIREYQLEKTCNNSKMEVMIVPITISGLTPRAPFSEAEWYLKQMNEEKNQHILKYNNFSLQEELKSLSSALSTSSSAPQSYLYLSSPPSPLRGSRQMHKPSVASSSTSFLLNAPSFTEEDMEEFQKELGKKVSFVDLNKLILDLVSPMVILDPHGMEALGTTDATQLEKYNVEINQKTSYMPKFSGFNIGRAVAQGLFSVDKANVQVFKDVFGVPSLFVNGKTVIPAWQIISIQQ,Warfarin,CC(=O)CC(C1=CC=CC=C1)C2=C(C3=CC=CC=C3OC2=O)O,1
CYP2C19,MDPFVVVILVLCLSLVAVFWVRQSSGRGKLPPGPTPLPVIGNILQIGIKDVKDLQEISPYLREMLSLGTSNDPSTEAVYHEIMKEVIREYQLEKTCNNSKMEVMIVPITISGLTPRAPFSEAEWYLKQMNEEKNQHILKYNNFSLQEELKSLSSALSTSSSAPQSYLYLSSPPSPLRGSRQMHKPSVASSSTSFLLNAPSFTEEDMEEFQKELGKKVSFVDLNKLILDLVSPMVILDPHGMEALGTTDATQLEKYNVEINQKTSYMPKFSGFNIGRAVAQGLFSVDKANVQVFKDVFGVPSLFVNGKTVIPAWQIISIQQ,Ibuprofen,CC(C)CC1=CC=C(C=C1)C(C)C(=O)O,1
CYP2C19,MDPFVVVILVLCLSLVAVFWVRQSSGRGKLPPGPTPLPVIGNILQIGIKDVKDLQEISPYLREMLSLGTSNDPSTEAVYHEIMKEVIREYQLEKTCNNSKMEVMIVPITISGLTPRAPFSEAEWYLKQMNEEKNQHILKYNNFSLQEELKSLSSALSTSSSAPQSYLYLSSPPSPLRGSRQMHKPSVASSSTSFLLNAPSFTEEDMEEFQKELGKKVSFVDLNKLILDLVSPMVILDPHGMEALGTTDATQLEKYNVEINQKTSYMPKFSGFNIGRAVAQGLFSVDKANVQVFKDVFGVPSLFVNGKTVIPAWQIISIQQ,Paracetamol,CC(=O)NC1=CC=C(C=C1)O,1
CYP2C19,MDPFVVVILVLCLSLVAVFWVRQSSGRGKLPPGPTPLPVIGNILQIGIKDVKDLQEISPYLREMLSLGTSNDPSTEAVYHEIMKEVIREYQLEKTCNNSKMEVMIVPITISGLTPRAPFSEAEWYLKQMNEEKNQHILKYNNFSLQEELKSLSSALSTSSSAPQSYLYLSSPPSPLRGSRQMHKPSVASSSTSFLLNAPSFTEEDMEEFQKELGKKVSFVDLNKLILDLVSPMVILDPHGMEALGTTDATQLEKYNVEINQKTSYMPKFSGFNIGRAVAQGLFSVDKANVQVFKDVFGVPSLFVNGKTVIPAWQIISIQQ,Omeprazole,CC1=C(C(=CC=C1)C)OC(=O)N2C=CN=C2S,1
CYP2C19,MDPFVVVILVLCLSLVAVFWVRQSSGRGKLPPGPTPLPVIGNILQIGIKDVKDLQEISPYLREMLSLGTSNDPSTEAVYHEIMKEVIREYQLEKTCNNSKMEVMIVPITISGLTPRAPFSEAEWYLKQMNEEKNQHILKYNNFSLQEELKSLSSALSTSSSAPQSYLYLSSPPSPLRGSRQMHKPSVASSSTSFLLNAPSFTEEDMEEFQKELGKKVSFVDLNKLILDLVSPMVILDPHGMEALGTTDATQLEKYNVEINQKTSYMPKFSGFNIGRAVAQGLFSVDKANVQVFKDVFGVPSLFVNGKTVIPAWQIISIQQ,Simvastatin,CCC(C)(C)C(=O)OC1CC(C=C2C1(CCC2)C)CC(C)C,1
CYP2C19,MDPFVVVILVLCLSLVAVFWVRQSSGRGKLPPGPTPLPVIGNILQIGIKDVKDLQEISPYLREMLSLGTSNDPSTEAVYHEIMKEVIREYQLEKTCNNSKMEVMIVPITISGLTPRAPFSEAEWYLKQMNEEKNQHILKYNNFSLQEELKSLSSALSTSSSAPQSYLYLSSPPSPLRGSRQMHKPSVASSSTSFLLNAPSFTEEDMEEFQKELGKKVSFVDLNKLILDLVSPMVILDPHGMEALGTTDATQLEKYNVEINQKTSYMPKFSGFNIGRAVAQGLFSVDKANVQVFKDVFGVPSLFVNGKTVIPAWQIISIQQ,Atorvastatin,CC(C)C1=C(C(=C(N1CCC(CC(C)C)C)C2=CC=C(C=C2)F)C3=CC=CC=C3)C(=O)NC,0
CYP2C19,MDPFVVVILVLCLSLVAVFWVRQSSGRGKLPPGPTPLPVIGNILQIGIKDVKDLQEISPYLREMLSLGTSNDPSTEAVYHEIMKEVIREYQLEKTCNNSKMEVMIVPITISGLTPRAPFSEAEWYLKQMNEEKNQHILKYNNFSLQEELKSLSSALSTSSSAPQSYLYLSSPPSPLRGSRQMHKPSVASSSTSFLLNAPSFTEEDMEEFQKELGKKVSFVDLNKLILDLVSPMVILDPHGMEALGTTDATQLEKYNVEINQKTSYMPKFSGFNIGRAVAQGLFSVDKANVQVFKDVFGVPSLFVNGKTVIPAWQIISIQQ,Amitriptyline,CN(C)CCC=C1C2=CC=CC=C2CCC3=CC=CC=C13,1
CYP2C19,MDPFVVVILVLCLSLVAVFWVRQSSGRGKLPPGPTPLPVIGNILQIGIKDVKDLQEISPYLREMLSLGTSNDPSTEAVYHEIMKEVIREYQLEKTCNNSKMEVMIVPITISGLTPRAPFSEAEWYLKQMNEEKNQHILKYNNFSLQEELKSLSSALSTSSSAPQSYLYLSSPPSPLRGSRQMHKPSVASSSTSFLLNAPSFTEEDMEEFQKELGKKVSFVDLNKLILDLVSPMVILDPHGMEALGTTDATQLEKYNVEINQKTSYMPKFSGFNIGRAVAQGLFSVDKANVQVFKDVFGVPSLFVNGKTVIPAWQIISIQQ,Diazepam,CN1C(=O)CN=C(C2=C1C=CC(=C2)Cl)C3=CC=CC=C3,1
CYP2C19,MDPFVVVILVLCLSLVAVFWVRQSSGRGKLPPGPTPLPVIGNILQIGIKDVKDLQEISPYLREMLSLGTSNDPSTEAVYHEIMKEVIREYQLEKTCNNSKMEVMIVPITISGLTPRAPFSEAEWYLKQMNEEKNQHILKYNNFSLQEELKSLSSALSTSSSAPQSYLYLSSPPSPLRGSRQMHKPSVASSSTSFLLNAPSFTEEDMEEFQKELGKKVSFVDLNKLILDLVSPMVILDPHGMEALGTTDATQLEKYNVEINQKTSYMPKFSGFNIGRAVAQGLFSVDKANVQVFKDVFGVPSLFVNGKTVIPAWQIISIQQ,Phenytoin,C1=CC=C(C=C1)C(=O)N(C2=CC=CC=C2)C(=O)N,1
CYP2D6,MGLEALVPLAVIVAFLGLTVLVQRKHRLPPTPPDPRQASTVSSPLEPGYTLGPPKISDLQINVNVNQLLTNSNGLPFLKAGTSFVGYGSQTFQKPVTLDPEGLSPLSVFDPWLQVQESVVVGGTIFGLGKTVYPVLALEEEKDMYQMIRDHGKSFVDVFSYDPQKHQKLCGNFVLREVEMTEISQLVPLELFSLLSPRCSKVKEANKQESKEMMELMGLVQRKPSDLVDFNQHLSEKVMQLKQMFDESRDQELMEIVKELHRKLEGSVDSSVAFPLQSSRSFS,Caffeine,CN1C=NC2=C1C(=O)N(C(=O)N2C)C,1
CYP2D6,MGLEALVPLAVIVAFLGLTVLVQRKHRLPPTPPDPRQASTVSSPLEPGYTLGPPKISDLQINVNVNQLLTNSNGLPFLKAGTSFVGYGSQTFQKPVTLDPEGLSPLSVFDPWLQVQESVVVGGTIFGLGKTVYPVLALEEEKDMYQMIRDHGKSFVDVFSYDPQKHQKLCGNFVLREVEMTEISQLVPLELFSLLSPRCSKVKEANKQESKEMMELMGLVQRKPSDLVDFNQHLSEKVMQLKQMFDESRDQELMEIVKELHRKLEGSVDSSVAFPLQSSRSFS,Warfarin,CC(=O)CC(C1=CC=CC=C1)C2=C(C3=CC=CC=C3OC2=O)O,1
CYP2D6,MGLEALVPLAVIVAFLGLTVLVQRKHRLPPTPPDPRQASTVSSPLEPGYTLGPPKISDLQINVNVNQLLTNSNGLPFLKAGTSFVGYGSQTFQKPVTLDPEGLSPLSVFDPWLQVQESVVVGGTIFGLGKTVYPVLALEEEKDMYQMIRDHGKSFVDVFSYDPQKHQKLCGNFVLREVEMTEISQLVPLELFSLLSPRCSKVKEANKQESKEMMELMGLVQRKPSDLVDFNQHLSEKVMQLKQMFDESRDQELMEIVKELHRKLEGSVDSSVAFPLQSSRSFS,Ibuprofen,CC(C)CC1=CC=C(C=C1)C(C)C(=O)O,1
CYP2D6,MGLEALVPLAVIVAFLGLTVLVQRKHRLPPTPPDPRQASTVSSPLEPGYTLGPPKISDLQINVNVNQLLTNSNGLPFLKAGTSFVGYGSQTFQKPVTLDPEGLSPLSVFDPWLQVQESVVVGGTIFGLGKTVYPVLALEEEKDMYQMIRDHGKSFVDVFSYDPQKHQKLCGNFVLREVEMTEISQLVPLELFSLLSPRCSKVKEANKQESKEMMELMGLVQRKPSDLVDFNQHLSEKVMQLKQMFDESRDQELMEIVKELHRKLEGSVDSSVAFPLQSSRSFS,Paracetamol,CC(=O)NC1=CC=C(C=C1)O,1
CYP2D6,MGLEALVPLAVIVAFLGLTVLVQRKHRLPPTPPDPRQASTVSSPLEPGYTLGPPKISDLQINVNVNQLLTNSNGLPFLKAGTSFVGYGSQTFQKPVTLDPEGLSPLSVFDPWLQVQESVVVGGTIFGLGKTVYPVLALEEEKDMYQMIRDHGKSFVDVFSYDPQKHQKLCGNFVLREVEMTEISQLVPLELFSLLSPRCSKVKEANKQESKEMMELMGLVQRKPSDLVDFNQHLSEKVMQLKQMFDESRDQELMEIVKELHRKLEGSVDSSVAFPLQSSRSFS,Omeprazole,CC1=C(C(=CC=C1)C)OC(=O)N2C=CN=C2S,1
CYP2D6,MGLEALVPLAVIVAFLGLTVLVQRKHRLPPTPPDPRQASTVSSPLEPGYTLGPPKISDLQINVNVNQLLTNSNGLPFLKAGTSFVGYGSQTFQKPVTLDPEGLSPLSVFDPWLQVQESVVVGGTIFGLGKTVYPVLALEEEKDMYQMIRDHGKSFVDVFSYDPQKHQKLCGNFVLREVEMTEISQLVPLELFSLLSPRCSKVKEANKQESKEMMELMGLVQRKPSDLVDFNQHLSEKVMQLKQMFDESRDQELMEIVKELHRKLEGSVDSSVAFPLQSSRSFS,Simvastatin,CCC(C)(C)C(=O)OC1CC(C=C2C1(CCC2)C)CC(C)C,1
CYP2D6,MGLEALVPLAVIVAFLGLTVLVQRKHRLPPTPPDPRQASTVSSPLEPGYTLGPPKISDLQINVNVNQLLTNSNGLPFLKAGTSFVGYGSQTFQKPVTLDPEGLSPLSVFDPWLQVQESVVVGGTIFGLGKTVYPVLALEEEKDMYQMIRDHGKSFVDVFSYDPQKHQKLCGNFVLREVEMTEISQLVPLELFSLLSPRCSKVKEANKQESKEMMELMGLVQRKPSDLVDFNQHLSEKVMQLKQMFDESRDQELMEIVKELHRKLEGSVDSSVAFPLQSSRSFS,Atorvastatin,CC(C)C1=C(C(=C(N1CCC(CC(C)C)C)C2=CC=C(C=C2)F)C3=CC=CC=C3)C(=O)NC,0
CYP2D6,MGLEALVPLAVIVAFLGLTVLVQRKHRLPPTPPDPRQASTVSSPLEPGYTLGPPKISDLQINVNVNQLLTNSNGLPFLKAGTSFVGYGSQTFQKPVTLDPEGLSPLSVFDPWLQVQESVVVGGTIFGLGKTVYPVLALEEEKDMYQMIRDHGKSFVDVFSYDPQKHQKLCGNFVLREVEMTEISQLVPLELFSLLSPRCSKVKEANKQESKEMMELMGLVQRKPSDLVDFNQHLSEKVMQLKQMFDESRDQELMEIVKELHRKLEGSVDSSVAFPLQSSRSFS,Amitriptyline,CN(C)CCC=C1C2=CC=CC=C2CCC3=CC=CC=C13,1
CYP2D6,MGLEALVPLAVIVAFLGLTVLVQRKHRLPPTPPDPRQASTVSSPLEPGYTLGPPKISDLQINVNVNQLLTNSNGLPFLKAGTSFVGYGSQTFQKPVTLDPEGLSPLSVFDPWLQVQESVVVGGTIFGLGKTVYPVLALEEEKDMYQMIRDHGKSFVDVFSYDPQKHQKLCGNFVLREVEMTEISQLVPLELFSLLSPRCSKVKEANKQESKEMMELMGLVQRKPSDLVDFNQHLSEKVMQLKQMFDESRDQELMEIVKELHRKLEGSVDSSVAFPLQSSRSFS,Diazepam,CN1C(=O)CN=C(C2=C1C=CC(=C2)Cl)C3=CC=CC=C3,1
CYP2D6,MGLEALVPLAVIVAFLGLTVLVQRKHRLPPTPPDPRQASTVSSPLEPGYTLGPPKISDLQINVNVNQLLTNSNGLPFLKAGTSFVGYGSQTFQKPVTLDPEGLSPLSVFDPWLQVQESVVVGGTIFGLGKTVYPVLALEEEKDMYQMIRDHGKSFVDVFSYDPQKHQKLCGNFVLREVEMTEISQLVPLELFSLLSPRCSKVKEANKQESKEMMELMGLVQRKPSDLVDFNQHLSEKVMQLKQMFDESRDQELMEIVKELHRKLEGSVDSSVAFPLQSSRSFS,Phenytoin,C1=CC=C(C=C1)C(=O)N(C2=CC=CC=C2)C(=O)N,1
CYP3A4,MGLETVVILVLLVALLVGFLLVVSAVQGKLLPGPVPLPIIGNILQIDVKDIKELQKESPYLFTAVRDMSSLGTSNDPSEAIYFALRLMEEKQKHQDLSLNPQFLDEAVKAHPEAFVQFLEKAGQLGPRAFSLDPSSFFSQNAILRYLQKKYEANVQAFLDRVLQDSKPGESWEPSETSKVRFNTYLQFGAEISLCLPGSREPNGGLWECFKEVVDKIVQDLVQEALPQFMRTSKLFYGNRMKKNPMYMPFGYGPHNCVGEAVAQLMEIVIKFLEKHPEAFKDFQIEKFLDEAQSKKPGESWEPSETSKVRFNTYLQFGAEISLCLPGSREPNGGLWECFKEVVDKIVNSLNESLIPFCTVPKDGTKFKVFSLMTFPRN,Caffeine,CN1C=NC2=C1C(=O)N(C(=O)N2C)C,1
CYP3A4,MGLETVVILVLLVALLVGFLLVVSAVQGKLLPGPVPLPIIGNILQIDVKDIKELQKESPYLFTAVRDMSSLGTSNDPSEAIYFALRLMEEKQKHQDLSLNPQFLDEAVKAHPEAFVQFLEKAGQLGPRAFSLDPSSFFSQNAILRYLQKKYEANVQAFLDRVLQDSKPGESWEPSETSKVRFNTYLQFGAEISLCLPGSREPNGGLWECFKEVVDKIVQDLVQEALPQFMRTSKLFYGNRMKKNPMYMPFGYGPHNCVGEAVAQLMEIVIKFLEKHPEAFKDFQIEKFLDEAQSKKPGESWEPSETSKVRFNTYLQFGAEISLCLPGSREPNGGLWECFKEVVDKIVNSLNESLIPFCTVPKDGTKFKVFSLMTFPRN,Warfarin,CC(=O)CC(C1=CC=CC=C1)C2=C(C3=CC=CC=C3OC2=O)O,1
CYP3A4,MGLETVVILVLLVALLVGFLLVVSAVQGKLLPGPVPLPIIGNILQIDVKDIKELQKESPYLFTAVRDMSSLGTSNDPSEAIYFALRLMEEKQKHQDLSLNPQFLDEAVKAHPEAFVQFLEKAGQLGPRAFSLDPSSFFSQNAILRYLQKKYEANVQAFLDRVLQDSKPGESWEPSETSKVRFNTYLQFGAEISLCLPGSREPNGGLWECFKEVVDKIVQDLVQEALPQFMRTSKLFYGNRMKKNPMYMPFGYGPHNCVGEAVAQLMEIVIKFLEKHPEAFKDFQIEKFLDEAQSKKPGESWEPSETSKVRFNTYLQFGAEISLCLPGSREPNGGLWECFKEVVDKIVNSLNESLIPFCTVPKDGTKFKVFSLMTFPRN,Ibuprofen,CC(C)CC1=CC=C(C=C1)C(C)C(=O)O,1
CYP3A4,MGLETVVILVLLVALLVGFLLVVSAVQGKLLPGPVPLPIIGNILQIDVKDIKELQKESPYLFTAVRDMSSLGTSNDPSEAIYFALRLMEEKQKHQDLSLNPQFLDEAVKAHPEAFVQFLEKAGQLGPRAFSLDPSSFFSQNAILRYLQKKYEANVQAFLDRVLQDSKPGESWEPSETSKVRFNTYLQFGAEISLCLPGSREPNGGLWECFKEVVDKIVQDLVQEALPQFMRTSKLFYGNRMKKNPMYMPFGYGPHNCVGEAVAQLMEIVIKFLEKHPEAFKDFQIEKFLDEAQSKKPGESWEPSETSKVRFNTYLQFGAEISLCLPGSREPNGGLWECFKEVVDKIVNSLNESLIPFCTVPKDGTKFKVFSLMTFPRN,Paracetamol,CC(=O)NC1=CC=C(C=C1)O,1
CYP3A4,MGLETVVILVLLVALLVGFLLVVSAVQGKLLPGPVPLPIIGNILQIDVKDIKELQKESPYLFTAVRDMSSLGTSNDPSEAIYFALRLMEEKQKHQDLSLNPQFLDEAVKAHPEAFVQFLEKAGQLGPRAFSLDPSSFFSQNAILRYLQKKYEANVQAFLDRVLQDSKPGESWEPSETSKVRFNTYLQFGAEISLCLPGSREPNGGLWECFKEVVDKIVQDLVQEALPQFMRTSKLFYGNRMKKNPMYMPFGYGPHNCVGEAVAQLMEIVIKFLEKHPEAFKDFQIEKFLDEAQSKKPGESWEPSETSKVRFNTYLQFGAEISLCLPGSREPNGGLWECFKEVVDKIVNSLNESLIPFCTVPKDGTKFKVFSLMTFPRN,Omeprazole,CC1=C(C(=CC=C1)C)OC(=O)N2C=CN=C2S,1
CYP3A4,MGLETVVILVLLVALLVGFLLVVSAVQGKLLPGPVPLPIIGNILQIDVKDIKELQKESPYLFTAVRDMSSLGTSNDPSEAIYFALRLMEEKQKHQDLSLNPQFLDEAVKAHPEAFVQFLEKAGQLGPRAFSLDPSSFFSQNAILRYLQKKYEANVQAFLDRVLQDSKPGESWEPSETSKVRFNTYLQFGAEISLCLPGSREPNGGLWECFKEVVDKIVQDLVQEALPQFMRTSKLFYGNRMKKNPMYMPFGYGPHNCVGEAVAQLMEIVIKFLEKHPEAFKDFQIEKFLDEAQSKKPGESWEPSETSKVRFNTYLQFGAEISLCLPGSREPNGGLWECFKEVVDKIVNSLNESLIPFCTVPKDGTKFKVFSLMTFPRN,Simvastatin,CCC(C)(C)C(=O)OC1CC(C=C2C1(CCC2)C)CC(C)C,1
CYP3A4,MGLETVVILVLLVALLVGFLLVVSAVQGKLLPGPVPLPIIGNILQIDVKDIKELQKESPYLFTAVRDMSSLGTSNDPSEAIYFALRLMEEKQKHQDLSLNPQFLDEAVKAHPEAFVQFLEKAGQLGPRAFSLDPSSFFSQNAILRYLQKKYEANVQAFLDRVLQDSKPGESWEPSETSKVRFNTYLQFGAEISLCLPGSREPNGGLWECFKEVVDKIVQDLVQEALPQFMRTSKLFYGNRMKKNPMYMPFGYGPHNCVGEAVAQLMEIVIKFLEKHPEAFKDFQIEKFLDEAQSKKPGESWEPSETSKVRFNTYLQFGAEISLCLPGSREPNGGLWECFKEVVDKIVNSLNESLIPFCTVPKDGTKFKVFSLMTFPRN,Atorvastatin,CC(C)C1=C(C(=C(N1CCC(CC(C)C)C)C2=CC=C(C=C2)F)C3=CC=CC=C3)C(=O)NC,0
CYP3A4,MGLETVVILVLLVALLVGFLLVVSAVQGKLLPGPVPLPIIGNILQIDVKDIKELQKESPYLFTAVRDMSSLGTSNDPSEAIYFALRLMEEKQKHQDLSLNPQFLDEAVKAHPEAFVQFLEKAGQLGPRAFSLDPSSFFSQNAILRYLQKKYEANVQAFLDRVLQDSKPGESWEPSETSKVRFNTYLQFGAEISLCLPGSREPNGGLWECFKEVVDKIVQDLVQEALPQFMRTSKLFYGNRMKKNPMYMPFGYGPHNCVGEAVAQLMEIVIKFLEKHPEAFKDFQIEKFLDEAQSKKPGESWEPSETSKVRFNTYLQFGAEISLCLPGSREPNGGLWECFKEVVDKIVNSLNESLIPFCTVPKDGTKFKVFSLMTFPRN,Amitriptyline,CN(C)CCC=C1C2=CC=CC=C2CCC3=CC=CC=C13,1
CYP3A4,MGLETVVILVLLVALLVGFLLVVSAVQGKLLPGPVPLPIIGNILQIDVKDIKELQKESPYLFTAVRDMSSLGTSNDPSEAIYFALRLMEEKQKHQDLSLNPQFLDEAVKAHPEAFVQFLEKAGQLGPRAFSLDPSSFFSQNAILRYLQKKYEANVQAFLDRVLQDSKPGESWEPSETSKVRFNTYLQFGAEISLCLPGSREPNGGLWECFKEVVDKIVQDLVQEALPQFMRTSKLFYGNRMKKNPMYMPFGYGPHNCVGEAVAQLMEIVIKFLEKHPEAFKDFQIEKFLDEAQSKKPGESWEPSETSKVRFNTYLQFGAEISLCLPGSREPNGGLWECFKEVVDKIVNSLNESLIPFCTVPKDGTKFKVFSLMTFPRN,Diazepam,CN1C(=O)CN=C(C2=C1C=CC(=C2)Cl)C3=CC=CC=C3,1
CYP3A4,MGLETVVILVLLVALLVGFLLVVSAVQGKLLPGPVPLPIIGNILQIDVKDIKELQKESPYLFTAVRDMSSLGTSNDPSEAIYFALRLMEEKQKHQDLSLNPQFLDEAVKAHPEAFVQFLEKAGQLGPRAFSLDPSSFFSQNAILRYLQKKYEANVQAFLDRVLQDSKPGESWEPSETSKVRFNTYLQFGAEISLCLPGSREPNGGLWECFKEVVDKIVQDLVQEALPQFMRTSKLFYGNRMKKNPMYMPFGYGPHNCVGEAVAQLMEIVIKFLEKHPEAFKDFQIEKFLDEAQSKKPGESWEPSETSKVRFNTYLQFGAEISLCLPGSREPNGGLWECFKEVVDKIVNSLNESLIPFCTVPKDGTKFKVFSLMTFPRN,Phenytoin,C1=CC=C(C=C1)C(=O)N(C2=CC=CC=C2)C(=O)N,1
